route,template,visual_status,copy_status,SEO_status,responsive_status,interaction_status,verification_performed,remaining_issues
/,home,"Representative screenshot reviewed; full-page or contact-sheet review, not a screen-reader audit",Contextual family copy review; raw duplicate candidates retained; factual and legal meanings preserved,"Canonical, unique title, main heading, crawlable links, sitemap and metadata checks passed; intent map recorded; no rank claim","Edge and WebKit, light/dark, 320/390/768/1024/1280/1440 rendered checks; representative text sizing and missing-image checks separately recorded",8 cross-theme/engine/mobile/desktop core journeys; 12 feature configurations; games additionally solved in 224 browser runs,Build; internal routes/anchors; labelled controls; duplicate IDs; missing assets; theme; overflow; runtime; family review (see report),"No known blocking layout/runtime failure; source editions, individual manual review, field data and licensing limits in release report"
/404.html,error,"Representative screenshot reviewed; full-page or contact-sheet review, not a screen-reader audit",Contextual family copy review; raw duplicate candidates retained; factual and legal meanings preserved,"Canonical, unique title, main heading, crawlable links, sitemap and metadata checks passed; intent map recorded; no rank claim","Edge and WebKit, light/dark, 320/390/768/1024/1280/1440 rendered checks; representative text sizing and missing-image checks separately recorded",Native details/links and family navigation checks; individual runtime errors and labels checked,Build; internal routes/anchors; labelled controls; duplicate IDs; missing assets; theme; overflow; runtime; family review (see report),"No known blocking layout/runtime failure; source editions, individual manual review, field data and licensing limits in release report"
/about.html,trust,Individual automated rendered checks; family representative visually reviewed; no individual manual visual claim,Contextual family copy review; raw duplicate candidates retained; factual and legal meanings preserved,"Canonical, unique title, main heading, crawlable links, sitemap and metadata checks passed; intent map recorded; no rank claim","Edge and WebKit, light/dark, 320/390/768/1024/1280/1440 rendered checks; representative text sizing and missing-image checks separately recorded",Native details/links and family navigation checks; individual runtime errors and labels checked,Build; internal routes/anchors; labelled controls; duplicate IDs; missing assets; theme; overflow; runtime; family review (see report),"No known blocking layout/runtime failure; source editions, individual manual review, field data and licensing limits in release report"
/accessibility.html,legal,"Representative screenshot reviewed; full-page or contact-sheet review, not a screen-reader audit",Contextual family copy review; raw duplicate candidates retained; factual and legal meanings preserved,"Canonical, unique title, main heading, crawlable links, sitemap and metadata checks passed; intent map recorded; no rank claim","Edge and WebKit, light/dark, 320/390/768/1024/1280/1440 rendered checks; representative text sizing and missing-image checks separately recorded",Native details/links and family navigation checks; individual runtime errors and labels checked,Build; internal routes/anchors; labelled controls; duplicate IDs; missing assets; theme; overflow; runtime; family review (see report),"No known blocking layout/runtime failure; source editions, individual manual review, field data and licensing limits in release report"
/added-sugar-percentage-from-grams.html,article,Individual automated rendered checks; family representative visually reviewed; no individual manual visual claim,Individually authored and source/arithmetic/duplication checked,"Canonical, unique title, main heading, crawlable links, sitemap and metadata checks passed; intent map recorded; no rank claim","Edge and WebKit, light/dark, 320/390/768/1024/1280/1440 rendered checks; representative text sizing and missing-image checks separately recorded",Native details/links and family navigation checks; individual runtime errors and labels checked,Build; internal routes/anchors; labelled controls; duplicate IDs; missing assets; theme; overflow; runtime; family review (see report),"No known blocking layout/runtime failure; source editions, individual manual review, field data and licensing limits in release report"
/arbys-breakfast-bread-format.html,article,Individual automated rendered checks; family representative visually reviewed; no individual manual visual claim,Individually authored and source/arithmetic/duplication checked,"Canonical, unique title, main heading, crawlable links, sitemap and metadata checks passed; intent map recorded; no rank claim","Edge and WebKit, light/dark, 320/390/768/1024/1280/1440 rendered checks; representative text sizing and missing-image checks separately recorded",Native details/links and family navigation checks; individual runtime errors and labels checked,Build; internal routes/anchors; labelled controls; duplicate IDs; missing assets; theme; overflow; runtime; family review (see report),"No known blocking layout/runtime failure; source editions, individual manual review, field data and licensing limits in release report"
/arbys-nutrition-guide.html,restaurant,"Representative screenshot reviewed; full-page or contact-sheet review, not a screen-reader audit",Contextual family copy review; raw duplicate candidates retained; factual and legal meanings preserved,"Canonical, unique title, main heading, crawlable links, sitemap and metadata checks passed; intent map recorded; no rank claim","Edge and WebKit, light/dark, 320/390/768/1024/1280/1440 rendered checks; representative text sizing and missing-image checks separately recorded",Native details/links and family navigation checks; individual runtime errors and labels checked,Build; internal routes/anchors; labelled controls; duplicate IDs; missing assets; theme; overflow; runtime; family review (see report),"No known blocking layout/runtime failure; source editions, individual manual review, field data and licensing limits in release report"
/arbys-roast-beef-cheddar-french-dip.html,article,Individual automated rendered checks; family representative visually reviewed; no individual manual visual claim,Individually authored and source/arithmetic/duplication checked,"Canonical, unique title, main heading, crawlable links, sitemap and metadata checks passed; intent map recorded; no rank claim","Edge and WebKit, light/dark, 320/390/768/1024/1280/1440 rendered checks; representative text sizing and missing-image checks separately recorded",Native details/links and family navigation checks; individual runtime errors and labels checked,Build; internal routes/anchors; labelled controls; duplicate IDs; missing assets; theme; overflow; runtime; family review (see report),"No known blocking layout/runtime failure; source editions, individual manual review, field data and licensing limits in release report"
/arbys-sliders-count-whole-tray.html,article,Individual automated rendered checks; family representative visually reviewed; no individual manual visual claim,Individually authored and source/arithmetic/duplication checked,"Canonical, unique title, main heading, crawlable links, sitemap and metadata checks passed; intent map recorded; no rank claim","Edge and WebKit, light/dark, 320/390/768/1024/1280/1440 rendered checks; representative text sizing and missing-image checks separately recorded",Native details/links and family navigation checks; individual runtime errors and labels checked,Build; internal routes/anchors; labelled controls; duplicate IDs; missing assets; theme; overflow; runtime; family review (see report),"No known blocking layout/runtime failure; source editions, individual manual review, field data and licensing limits in release report"
/are-diet-drinks-bad-for-you.html,article,Individual automated rendered checks; family representative visually reviewed; no individual manual visual claim,Contextual family copy review; raw duplicate candidates retained; factual and legal meanings preserved,"Canonical, unique title, main heading, crawlable links, sitemap and metadata checks passed; intent map recorded; no rank claim","Edge and WebKit, light/dark, 320/390/768/1024/1280/1440 rendered checks; representative text sizing and missing-image checks separately recorded",Native details/links and family navigation checks; individual runtime errors and labels checked,Build; internal routes/anchors; labelled controls; duplicate IDs; missing assets; theme; overflow; runtime; family review (see report),"No known blocking layout/runtime failure; source editions, individual manual review, field data and licensing limits in release report"
/articles.html,reference-index,"Representative screenshot reviewed; full-page or contact-sheet review, not a screen-reader audit",Contextual family copy review; raw duplicate candidates retained; factual and legal meanings preserved,"Canonical, unique title, main heading, crawlable links, sitemap and metadata checks passed; intent map recorded; no rank claim","Edge and WebKit, light/dark, 320/390/768/1024/1280/1440 rendered checks; representative text sizing and missing-image checks separately recorded",Native details/links and family navigation checks; individual runtime errors and labels checked,Build; internal routes/anchors; labelled controls; duplicate IDs; missing assets; theme; overflow; runtime; family review (see report),"No known blocking layout/runtime failure; source editions, individual manual review, field data and licensing limits in release report"
/as-packaged-vs-prepared-nutrition.html,article,Individual automated rendered checks; family representative visually reviewed; no individual manual visual claim,Contextual family copy review; raw duplicate candidates retained; factual and legal meanings preserved,"Canonical, unique title, main heading, crawlable links, sitemap and metadata checks passed; intent map recorded; no rank claim","Edge and WebKit, light/dark, 320/390/768/1024/1280/1440 rendered checks; representative text sizing and missing-image checks separately recorded",Native details/links and family navigation checks; individual runtime errors and labels checked,Build; internal routes/anchors; labelled controls; duplicate IDs; missing assets; theme; overflow; runtime; family review (see report),"No known blocking layout/runtime failure; source editions, individual manual review, field data and licensing limits in release report"
/best-fast-food-restaurants-for-your-goals.html,article,Individual automated rendered checks; family representative visually reviewed; no individual manual visual claim,Contextual family copy review; raw duplicate candidates retained; factual and legal meanings preserved,"Canonical, unique title, main heading, crawlable links, sitemap and metadata checks passed; intent map recorded; no rank claim","Edge and WebKit, light/dark, 320/390/768/1024/1280/1440 rendered checks; representative text sizing and missing-image checks separately recorded",Native details/links and family navigation checks; individual runtime errors and labels checked,Build; internal routes/anchors; labelled controls; duplicate IDs; missing assets; theme; overflow; runtime; family review (see report),"No known blocking layout/runtime failure; source editions, individual manual review, field data and licensing limits in release report"
/blog.html,journal,"Representative screenshot reviewed; full-page or contact-sheet review, not a screen-reader audit",Contextual family copy review; raw duplicate candidates retained; factual and legal meanings preserved,"Canonical, unique title, main heading, crawlable links, sitemap and metadata checks passed; intent map recorded; no rank claim","Edge and WebKit, light/dark, 320/390/768/1024/1280/1440 rendered checks; representative text sizing and missing-image checks separately recorded",Native details/links and family navigation checks; individual runtime errors and labels checked,Build; internal routes/anchors; labelled controls; duplicate IDs; missing assets; theme; overflow; runtime; family review (see report),"No known blocking layout/runtime failure; source editions, individual manual review, field data and licensing limits in release report"
/body-recomposition-explained.html,article,Individual automated rendered checks; family representative visually reviewed; no individual manual visual claim,Contextual family copy review; raw duplicate candidates retained; factual and legal meanings preserved,"Canonical, unique title, main heading, crawlable links, sitemap and metadata checks passed; intent map recorded; no rank claim","Edge and WebKit, light/dark, 320/390/768/1024/1280/1440 rendered checks; representative text sizing and missing-image checks separately recorded",Native details/links and family navigation checks; individual runtime errors and labels checked,Build; internal routes/anchors; labelled controls; duplicate IDs; missing assets; theme; overflow; runtime; family review (see report),"No known blocking layout/runtime failure; source editions, individual manual review, field data and licensing limits in release report"
/breakfast-bacon-format-sodium-cross-chain.html,article,Individual automated rendered checks; family representative visually reviewed; no individual manual visual claim,Individually authored and source/arithmetic/duplication checked,"Canonical, unique title, main heading, crawlable links, sitemap and metadata checks passed; intent map recorded; no rank claim","Edge and WebKit, light/dark, 320/390/768/1024/1280/1440 rendered checks; representative text sizing and missing-image checks separately recorded",Native details/links and family navigation checks; individual runtime errors and labels checked,Build; internal routes/anchors; labelled controls; duplicate IDs; missing assets; theme; overflow; runtime; family review (see report),"No known blocking layout/runtime failure; source editions, individual manual review, field data and licensing limits in release report"
/breakfast-dataset-not-opening-hours.html,article,Individual automated rendered checks; family representative visually reviewed; no individual manual visual claim,Individually authored and source/arithmetic/duplication checked,"Canonical, unique title, main heading, crawlable links, sitemap and metadata checks passed; intent map recorded; no rank claim","Edge and WebKit, light/dark, 320/390/768/1024/1280/1440 rendered checks; representative text sizing and missing-image checks separately recorded",Native details/links and family navigation checks; individual runtime errors and labels checked,Build; internal routes/anchors; labelled controls; duplicate IDs; missing assets; theme; overflow; runtime; family review (see report),"No known blocking layout/runtime failure; source editions, individual manual review, field data and licensing limits in release report"
/breakfast-drinks-and-add-ons.html,article,Individual automated rendered checks; family representative visually reviewed; no individual manual visual claim,Contextual family copy review; raw duplicate candidates retained; factual and legal meanings preserved,"Canonical, unique title, main heading, crawlable links, sitemap and metadata checks passed; intent map recorded; no rank claim","Edge and WebKit, light/dark, 320/390/768/1024/1280/1440 rendered checks; representative text sizing and missing-image checks separately recorded",Native details/links and family navigation checks; individual runtime errors and labels checked,Build; internal routes/anchors; labelled controls; duplicate IDs; missing assets; theme; overflow; runtime; family review (see report),"No known blocking layout/runtime failure; source editions, individual manual review, field data and licensing limits in release report"
/breakfast-food-vs-combo-menu.html,article,Individual automated rendered checks; family representative visually reviewed; no individual manual visual claim,Individually authored and source/arithmetic/duplication checked,"Canonical, unique title, main heading, crawlable links, sitemap and metadata checks passed; intent map recorded; no rank claim","Edge and WebKit, light/dark, 320/390/768/1024/1280/1440 rendered checks; representative text sizing and missing-image checks separately recorded",Native details/links and family navigation checks; individual runtime errors and labels checked,Build; internal routes/anchors; labelled controls; duplicate IDs; missing assets; theme; overflow; runtime; family review (see report),"No known blocking layout/runtime failure; source editions, individual manual review, field data and licensing limits in release report"
/breakfast-sandwich-half-not-half-protein.html,article,Individual automated rendered checks; family representative visually reviewed; no individual manual visual claim,Individually authored and source/arithmetic/duplication checked,"Canonical, unique title, main heading, crawlable links, sitemap and metadata checks passed; intent map recorded; no rank claim","Edge and WebKit, light/dark, 320/390/768/1024/1280/1440 rendered checks; representative text sizing and missing-image checks separately recorded",Native details/links and family navigation checks; individual runtime errors and labels checked,Build; internal routes/anchors; labelled controls; duplicate IDs; missing assets; theme; overflow; runtime; family review (see report),"No known blocking layout/runtime failure; source editions, individual manual review, field data and licensing limits in release report"
/breakfast-two-items-not-one-entry.html,article,Individual automated rendered checks; family representative visually reviewed; no individual manual visual claim,Individually authored and source/arithmetic/duplication checked,"Canonical, unique title, main heading, crawlable links, sitemap and metadata checks passed; intent map recorded; no rank claim","Edge and WebKit, light/dark, 320/390/768/1024/1280/1440 rendered checks; representative text sizing and missing-image checks separately recorded",Native details/links and family navigation checks; individual runtime errors and labels checked,Build; internal routes/anchors; labelled controls; duplicate IDs; missing assets; theme; overflow; runtime; family review (see report),"No known blocking layout/runtime failure; source editions, individual manual review, field data and licensing limits in release report"
/breakfast-yogurt-topping-layer.html,article,Individual automated rendered checks; family representative visually reviewed; no individual manual visual claim,Individually authored and source/arithmetic/duplication checked,"Canonical, unique title, main heading, crawlable links, sitemap and metadata checks passed; intent map recorded; no rank claim","Edge and WebKit, light/dark, 320/390/768/1024/1280/1440 rendered checks; representative text sizing and missing-image checks separately recorded",Native details/links and family navigation checks; individual runtime errors and labels checked,Build; internal routes/anchors; labelled controls; duplicate IDs; missing assets; theme; overflow; runtime; family review (see report),"No known blocking layout/runtime failure; source editions, individual manual review, field data and licensing limits in release report"
/budget-meal-builder.html,meal-ideas,"Representative screenshot reviewed; full-page or contact-sheet review, not a screen-reader audit",Contextual family copy review; raw duplicate candidates retained; factual and legal meanings preserved,"Canonical, unique title, main heading, crawlable links, sitemap and metadata checks passed; intent map recorded; no rank claim","Edge and WebKit, light/dark, 320/390/768/1024/1280/1440 rendered checks; representative text sizing and missing-image checks separately recorded",Native details/links and family navigation checks; individual runtime errors and labels checked,Build; internal routes/anchors; labelled controls; duplicate IDs; missing assets; theme; overflow; runtime; family review (see report),"No known blocking layout/runtime failure; source editions, individual manual review, field data and licensing limits in release report"
/burger-variants-not-nine-base-burgers.html,article,Individual automated rendered checks; family representative visually reviewed; no individual manual visual claim,Individually authored and source/arithmetic/duplication checked,"Canonical, unique title, main heading, crawlable links, sitemap and metadata checks passed; intent map recorded; no rank claim","Edge and WebKit, light/dark, 320/390/768/1024/1280/1440 rendered checks; representative text sizing and missing-image checks separately recorded",Native details/links and family navigation checks; individual runtime errors and labels checked,Build; internal routes/anchors; labelled controls; duplicate IDs; missing assets; theme; overflow; runtime; family review (see report),"No known blocking layout/runtime failure; source editions, individual manual review, field data and licensing limits in release report"
/burrito-wrap-cross-chain-no-size-standard.html,article,Individual automated rendered checks; family representative visually reviewed; no individual manual visual claim,Individually authored and source/arithmetic/duplication checked,"Canonical, unique title, main heading, crawlable links, sitemap and metadata checks passed; intent map recorded; no rank claim","Edge and WebKit, light/dark, 320/390/768/1024/1280/1440 rendered checks; representative text sizing and missing-image checks separately recorded",Native details/links and family navigation checks; individual runtime errors and labels checked,Build; internal routes/anchors; labelled controls; duplicate IDs; missing assets; theme; overflow; runtime; family review (see report),"No known blocking layout/runtime failure; source editions, individual manual review, field data and licensing limits in release report"
/calculate-macros-mixed-bowl.html,article,Individual automated rendered checks; family representative visually reviewed; no individual manual visual claim,Contextual family copy review; raw duplicate candidates retained; factual and legal meanings preserved,"Canonical, unique title, main heading, crawlable links, sitemap and metadata checks passed; intent map recorded; no rank claim","Edge and WebKit, light/dark, 320/390/768/1024/1280/1440 rendered checks; representative text sizing and missing-image checks separately recorded",Native details/links and family navigation checks; individual runtime errors and labels checked,Build; internal routes/anchors; labelled controls; duplicate IDs; missing assets; theme; overflow; runtime; family review (see report),"No known blocking layout/runtime failure; source editions, individual manual review, field data and licensing limits in release report"
/calculator-activity-choice-sensitivity.html,article,Individual automated rendered checks; family representative visually reviewed; no individual manual visual claim,Individually authored and source/arithmetic/duplication checked,"Canonical, unique title, main heading, crawlable links, sitemap and metadata checks passed; intent map recorded; no rank claim","Edge and WebKit, light/dark, 320/390/768/1024/1280/1440 rendered checks; representative text sizing and missing-image checks separately recorded",Native details/links and family navigation checks; individual runtime errors and labels checked,Build; internal routes/anchors; labelled controls; duplicate IDs; missing assets; theme; overflow; runtime; family review (see report),"No known blocking layout/runtime failure; source editions, individual manual review, field data and licensing limits in release report"
/calculator-height-feet-inches-not-decimal.html,article,Individual automated rendered checks; family representative visually reviewed; no individual manual visual claim,Individually authored and source/arithmetic/duplication checked,"Canonical, unique title, main heading, crawlable links, sitemap and metadata checks passed; intent map recorded; no rank claim","Edge and WebKit, light/dark, 320/390/768/1024/1280/1440 rendered checks; representative text sizing and missing-image checks separately recorded",Native details/links and family navigation checks; individual runtime errors and labels checked,Build; internal routes/anchors; labelled controls; duplicate IDs; missing assets; theme; overflow; runtime; family review (see report),"No known blocking layout/runtime failure; source editions, individual manual review, field data and licensing limits in release report"
/calculator-input-basis-checklist.html,article,Individual automated rendered checks; family representative visually reviewed; no individual manual visual claim,Individually authored and source/arithmetic/duplication checked,"Canonical, unique title, main heading, crawlable links, sitemap and metadata checks passed; intent map recorded; no rank claim","Edge and WebKit, light/dark, 320/390/768/1024/1280/1440 rendered checks; representative text sizing and missing-image checks separately recorded",Native details/links and family navigation checks; individual runtime errors and labels checked,Build; internal routes/anchors; labelled controls; duplicate IDs; missing assets; theme; overflow; runtime; family review (see report),"No known blocking layout/runtime failure; source editions, individual manual review, field data and licensing limits in release report"
/calculator-positive-inputs-zero-nutrition.html,article,Individual automated rendered checks; family representative visually reviewed; no individual manual visual claim,Individually authored and source/arithmetic/duplication checked,"Canonical, unique title, main heading, crawlable links, sitemap and metadata checks passed; intent map recorded; no rank claim","Edge and WebKit, light/dark, 320/390/768/1024/1280/1440 rendered checks; representative text sizing and missing-image checks separately recorded",Native details/links and family navigation checks; individual runtime errors and labels checked,Build; internal routes/anchors; labelled controls; duplicate IDs; missing assets; theme; overflow; runtime; family review (see report),"No known blocking layout/runtime failure; source editions, individual manual review, field data and licensing limits in release report"
/calculator-pound-kilogram-entry.html,article,Individual automated rendered checks; family representative visually reviewed; no individual manual visual claim,Individually authored and source/arithmetic/duplication checked,"Canonical, unique title, main heading, crawlable links, sitemap and metadata checks passed; intent map recorded; no rank claim","Edge and WebKit, light/dark, 320/390/768/1024/1280/1440 rendered checks; representative text sizing and missing-image checks separately recorded",Native details/links and family navigation checks; individual runtime errors and labels checked,Build; internal routes/anchors; labelled controls; duplicate IDs; missing assets; theme; overflow; runtime; family review (see report),"No known blocking layout/runtime failure; source editions, individual manual review, field data and licensing limits in release report"
/calculator-round-at-end.html,article,Individual automated rendered checks; family representative visually reviewed; no individual manual visual claim,Individually authored and source/arithmetic/duplication checked,"Canonical, unique title, main heading, crawlable links, sitemap and metadata checks passed; intent map recorded; no rank claim","Edge and WebKit, light/dark, 320/390/768/1024/1280/1440 rendered checks; representative text sizing and missing-image checks separately recorded",Native details/links and family navigation checks; individual runtime errors and labels checked,Build; internal routes/anchors; labelled controls; duplicate IDs; missing assets; theme; overflow; runtime; family review (see report),"No known blocking layout/runtime failure; source editions, individual manual review, field data and licensing limits in release report"
/calculators.html,calculator-hub,"Representative screenshot reviewed; full-page or contact-sheet review, not a screen-reader audit",Contextual family copy review; raw duplicate candidates retained; factual and legal meanings preserved,"Canonical, unique title, main heading, crawlable links, sitemap and metadata checks passed; intent map recorded; no rank claim","Edge and WebKit, light/dark, 320/390/768/1024/1280/1440 rendered checks; representative text sizing and missing-image checks separately recorded",8 cross-theme/engine/mobile/desktop core journeys; 12 feature configurations; games additionally solved in 224 browser runs,Build; internal routes/anchors; labelled controls; duplicate IDs; missing assets; theme; overflow; runtime; family review (see report),"No known blocking layout/runtime failure; source editions, individual manual review, field data and licensing limits in release report"
/calorie-range-menu-reading.html,article,Individual automated rendered checks; family representative visually reviewed; no individual manual visual claim,Individually authored and source/arithmetic/duplication checked,"Canonical, unique title, main heading, crawlable links, sitemap and metadata checks passed; intent map recorded; no rank claim","Edge and WebKit, light/dark, 320/390/768/1024/1280/1440 rendered checks; representative text sizing and missing-image checks separately recorded",Native details/links and family navigation checks; individual runtime errors and labels checked,Build; internal routes/anchors; labelled controls; duplicate IDs; missing assets; theme; overflow; runtime; family review (see report),"No known blocking layout/runtime failure; source editions, individual manual review, field data and licensing limits in release report"
/calorie-tool-output-reverse-check.html,article,Individual automated rendered checks; family representative visually reviewed; no individual manual visual claim,Individually authored and source/arithmetic/duplication checked,"Canonical, unique title, main heading, crawlable links, sitemap and metadata checks passed; intent map recorded; no rank claim","Edge and WebKit, light/dark, 320/390/768/1024/1280/1440 rendered checks; representative text sizing and missing-image checks separately recorded",Native details/links and family navigation checks; individual runtime errors and labels checked,Build; internal routes/anchors; labelled controls; duplicate IDs; missing assets; theme; overflow; runtime; family review (see report),"No known blocking layout/runtime failure; source editions, individual manual review, field data and licensing limits in release report"
/calorie-units-kcal-kilojoules.html,article,Individual automated rendered checks; family representative visually reviewed; no individual manual visual claim,Individually authored and source/arithmetic/duplication checked,"Canonical, unique title, main heading, crawlable links, sitemap and metadata checks passed; intent map recorded; no rank claim","Edge and WebKit, light/dark, 320/390/768/1024/1280/1440 rendered checks; representative text sizing and missing-image checks separately recorded",Native details/links and family navigation checks; individual runtime errors and labels checked,Build; internal routes/anchors; labelled controls; duplicate IDs; missing assets; theme; overflow; runtime; family review (see report),"No known blocking layout/runtime failure; source editions, individual manual review, field data and licensing limits in release report"
/calories-in-multi-serving-packages.html,article,Individual automated rendered checks; family representative visually reviewed; no individual manual visual claim,Contextual family copy review; raw duplicate candidates retained; factual and legal meanings preserved,"Canonical, unique title, main heading, crawlable links, sitemap and metadata checks passed; intent map recorded; no rank claim","Edge and WebKit, light/dark, 320/390/768/1024/1280/1440 rendered checks; representative text sizing and missing-image checks separately recorded",Native details/links and family navigation checks; individual runtime errors and labels checked,Build; internal routes/anchors; labelled controls; duplicate IDs; missing assets; theme; overflow; runtime; family review (see report),"No known blocking layout/runtime failure; source editions, individual manual review, field data and licensing limits in release report"
/calories-on-rest-days.html,article,Individual automated rendered checks; family representative visually reviewed; no individual manual visual claim,Contextual family copy review; raw duplicate candidates retained; factual and legal meanings preserved,"Canonical, unique title, main heading, crawlable links, sitemap and metadata checks passed; intent map recorded; no rank claim","Edge and WebKit, light/dark, 320/390/768/1024/1280/1440 rendered checks; representative text sizing and missing-image checks separately recorded",Native details/links and family navigation checks; individual runtime errors and labels checked,Build; internal routes/anchors; labelled controls; duplicate IDs; missing assets; theme; overflow; runtime; family review (see report),"No known blocking layout/runtime failure; source editions, individual manual review, field data and licensing limits in release report"
/calories-vs-macros-what-matters-more.html,article,Individual automated rendered checks; family representative visually reviewed; no individual manual visual claim,Contextual family copy review; raw duplicate candidates retained; factual and legal meanings preserved,"Canonical, unique title, main heading, crawlable links, sitemap and metadata checks passed; intent map recorded; no rank claim","Edge and WebKit, light/dark, 320/390/768/1024/1280/1440 rendered checks; representative text sizing and missing-image checks separately recorded",Native details/links and family navigation checks; individual runtime errors and labels checked,Build; internal routes/anchors; labelled controls; duplicate IDs; missing assets; theme; overflow; runtime; family review (see report),"No known blocking layout/runtime failure; source editions, individual manual review, field data and licensing limits in release report"
/can-you-build-muscle-in-a-calorie-deficit.html,article,Individual automated rendered checks; family representative visually reviewed; no individual manual visual claim,Contextual family copy review; raw duplicate candidates retained; factual and legal meanings preserved,"Canonical, unique title, main heading, crawlable links, sitemap and metadata checks passed; intent map recorded; no rank claim","Edge and WebKit, light/dark, 320/390/768/1024/1280/1440 rendered checks; representative text sizing and missing-image checks separately recorded",Native details/links and family navigation checks; individual runtime errors and labels checked,Build; internal routes/anchors; labelled controls; duplicate IDs; missing assets; theme; overflow; runtime; family review (see report),"No known blocking layout/runtime failure; source editions, individual manual review, field data and licensing limits in release report"
/carbohydrate-label-portion-tool.html,calculator,"Representative screenshot reviewed; full-page or contact-sheet review, not a screen-reader audit",Contextual family copy review; raw duplicate candidates retained; factual and legal meanings preserved,"Canonical, unique title, main heading, crawlable links, sitemap and metadata checks passed; intent map recorded; no rank claim","Edge and WebKit, light/dark, 320/390/768/1024/1280/1440 rendered checks; representative text sizing and missing-image checks separately recorded",8 cross-theme/engine/mobile/desktop core journeys; 12 feature configurations; games additionally solved in 224 browser runs,Build; internal routes/anchors; labelled controls; duplicate IDs; missing assets; theme; overflow; runtime; family review (see report),"No known blocking layout/runtime failure; source editions, individual manual review, field data and licensing limits in release report"
/carbs.html,article,Individual automated rendered checks; family representative visually reviewed; no individual manual visual claim,Contextual family copy review; raw duplicate candidates retained; factual and legal meanings preserved,"Canonical, unique title, main heading, crawlable links, sitemap and metadata checks passed; intent map recorded; no rank claim","Edge and WebKit, light/dark, 320/390/768/1024/1280/1440 rendered checks; representative text sizing and missing-image checks separately recorded",Native details/links and family navigation checks; individual runtime errors and labels checked,Build; internal routes/anchors; labelled controls; duplicate IDs; missing assets; theme; overflow; runtime; family review (see report),"No known blocking layout/runtime failure; source editions, individual manual review, field data and licensing limits in release report"
/cava-healthy-meals-macros.html,restaurant,Individual automated rendered checks; family representative visually reviewed; no individual manual visual claim,Contextual family copy review; raw duplicate candidates retained; factual and legal meanings preserved,"Canonical, unique title, main heading, crawlable links, sitemap and metadata checks passed; intent map recorded; no rank claim","Edge and WebKit, light/dark, 320/390/768/1024/1280/1440 rendered checks; representative text sizing and missing-image checks separately recorded",Native details/links and family navigation checks; individual runtime errors and labels checked,Build; internal routes/anchors; labelled controls; duplicate IDs; missing assets; theme; overflow; runtime; family review (see report),"No known blocking layout/runtime failure; source editions, individual manual review, field data and licensing limits in release report"
/chick-fil-a-healthy-meals-macros.html,restaurant,Individual automated rendered checks; family representative visually reviewed; no individual manual visual claim,Contextual family copy review; raw duplicate candidates retained; factual and legal meanings preserved,"Canonical, unique title, main heading, crawlable links, sitemap and metadata checks passed; intent map recorded; no rank claim","Edge and WebKit, light/dark, 320/390/768/1024/1280/1440 rendered checks; representative text sizing and missing-image checks separately recorded",Native details/links and family navigation checks; individual runtime errors and labels checked,Build; internal routes/anchors; labelled controls; duplicate IDs; missing assets; theme; overflow; runtime; family review (see report),"No known blocking layout/runtime failure; source editions, individual manual review, field data and licensing limits in release report"
/chick-fil-a-vs-popeyes-chicken.html,article,Individual automated rendered checks; family representative visually reviewed; no individual manual visual claim,Contextual family copy review; raw duplicate candidates retained; factual and legal meanings preserved,"Canonical, unique title, main heading, crawlable links, sitemap and metadata checks passed; intent map recorded; no rank claim","Edge and WebKit, light/dark, 320/390/768/1024/1280/1440 rendered checks; representative text sizing and missing-image checks separately recorded",Native details/links and family navigation checks; individual runtime errors and labels checked,Build; internal routes/anchors; labelled controls; duplicate IDs; missing assets; theme; overflow; runtime; family review (see report),"No known blocking layout/runtime failure; source editions, individual manual review, field data and licensing limits in release report"
/chipotle-healthy-meals-macros.html,restaurant,"Representative screenshot reviewed; full-page or contact-sheet review, not a screen-reader audit",Contextual family copy review; raw duplicate candidates retained; factual and legal meanings preserved,"Canonical, unique title, main heading, crawlable links, sitemap and metadata checks passed; intent map recorded; no rank claim","Edge and WebKit, light/dark, 320/390/768/1024/1280/1440 rendered checks; representative text sizing and missing-image checks separately recorded",Native details/links and family navigation checks; individual runtime errors and labels checked,Build; internal routes/anchors; labelled controls; duplicate IDs; missing assets; theme; overflow; runtime; family review (see report),"No known blocking layout/runtime failure; source editions, individual manual review, field data and licensing limits in release report"
/chipotle-rice-beans-nutrition.html,article,Individual automated rendered checks; family representative visually reviewed; no individual manual visual claim,Contextual family copy review; raw duplicate candidates retained; factual and legal meanings preserved,"Canonical, unique title, main heading, crawlable links, sitemap and metadata checks passed; intent map recorded; no rank claim","Edge and WebKit, light/dark, 320/390/768/1024/1280/1440 rendered checks; representative text sizing and missing-image checks separately recorded",Native details/links and family navigation checks; individual runtime errors and labels checked,Build; internal routes/anchors; labelled controls; duplicate IDs; missing assets; theme; overflow; runtime; family review (see report),"No known blocking layout/runtime failure; source editions, individual manual review, field data and licensing limits in release report"
/chipotle-toppings-nutrition.html,article,Individual automated rendered checks; family representative visually reviewed; no individual manual visual claim,Contextual family copy review; raw duplicate candidates retained; factual and legal meanings preserved,"Canonical, unique title, main heading, crawlable links, sitemap and metadata checks passed; intent map recorded; no rank claim","Edge and WebKit, light/dark, 320/390/768/1024/1280/1440 rendered checks; representative text sizing and missing-image checks separately recorded",Native details/links and family navigation checks; individual runtime errors and labels checked,Build; internal routes/anchors; labelled controls; duplicate IDs; missing assets; theme; overflow; runtime; family review (see report),"No known blocking layout/runtime failure; source editions, individual manual review, field data and licensing limits in release report"
/chipotle-vs-cava-chicken-bowls.html,article,Individual automated rendered checks; family representative visually reviewed; no individual manual visual claim,Contextual family copy review; raw duplicate candidates retained; factual and legal meanings preserved,"Canonical, unique title, main heading, crawlable links, sitemap and metadata checks passed; intent map recorded; no rank claim","Edge and WebKit, light/dark, 320/390/768/1024/1280/1440 rendered checks; representative text sizing and missing-image checks separately recorded",Native details/links and family navigation checks; individual runtime errors and labels checked,Build; internal routes/anchors; labelled controls; duplicate IDs; missing assets; theme; overflow; runtime; family review (see report),"No known blocking layout/runtime failure; source editions, individual manual review, field data and licensing limits in release report"
/choose-fooddata-central-entry.html,article,Individual automated rendered checks; family representative visually reviewed; no individual manual visual claim,Individually authored and source/arithmetic/duplication checked,"Canonical, unique title, main heading, crawlable links, sitemap and metadata checks passed; intent map recorded; no rank claim","Edge and WebKit, light/dark, 320/390/768/1024/1280/1440 rendered checks; representative text sizing and missing-image checks separately recorded",Native details/links and family navigation checks; individual runtime errors and labels checked,Build; internal routes/anchors; labelled controls; duplicate IDs; missing assets; theme; overflow; runtime; family review (see report),"No known blocking layout/runtime failure; source editions, individual manual review, field data and licensing limits in release report"
/compare-complete-restaurant-orders.html,article,Individual automated rendered checks; family representative visually reviewed; no individual manual visual claim,Contextual family copy review; raw duplicate candidates retained; factual and legal meanings preserved,"Canonical, unique title, main heading, crawlable links, sitemap and metadata checks passed; intent map recorded; no rank claim","Edge and WebKit, light/dark, 320/390/768/1024/1280/1440 rendered checks; representative text sizing and missing-image checks separately recorded",Native details/links and family navigation checks; individual runtime errors and labels checked,Build; internal routes/anchors; labelled controls; duplicate IDs; missing assets; theme; overflow; runtime; family review (see report),"No known blocking layout/runtime failure; source editions, individual manual review, field data and licensing limits in release report"
/contact.html,contact,"Representative screenshot reviewed; full-page or contact-sheet review, not a screen-reader audit",Contextual family copy review; raw duplicate candidates retained; factual and legal meanings preserved,"Canonical, unique title, main heading, crawlable links, sitemap and metadata checks passed; intent map recorded; no rank claim","Edge and WebKit, light/dark, 320/390/768/1024/1280/1440 rendered checks; representative text sizing and missing-image checks separately recorded",Native details/links and family navigation checks; individual runtime errors and labels checked,Build; internal routes/anchors; labelled controls; duplicate IDs; missing assets; theme; overflow; runtime; family review (see report),"No known blocking layout/runtime failure; source editions, individual manual review, field data and licensing limits in release report"
/corrections.html,trust,"Representative screenshot reviewed; full-page or contact-sheet review, not a screen-reader audit",Contextual family copy review; raw duplicate candidates retained; factual and legal meanings preserved,"Canonical, unique title, main heading, crawlable links, sitemap and metadata checks passed; intent map recorded; no rank claim","Edge and WebKit, light/dark, 320/390/768/1024/1280/1440 rendered checks; representative text sizing and missing-image checks separately recorded",Native details/links and family navigation checks; individual runtime errors and labels checked,Build; internal routes/anchors; labelled controls; duplicate IDs; missing assets; theme; overflow; runtime; family review (see report),"No known blocking layout/runtime failure; source editions, individual manual review, field data and licensing limits in release report"
/cross-chain-bean-burritos-serving-proof.html,article,Individual automated rendered checks; family representative visually reviewed; no individual manual visual claim,Individually authored and source/arithmetic/duplication checked,"Canonical, unique title, main heading, crawlable links, sitemap and metadata checks passed; intent map recorded; no rank claim","Edge and WebKit, light/dark, 320/390/768/1024/1280/1440 rendered checks; representative text sizing and missing-image checks separately recorded",Native details/links and family navigation checks; individual runtime errors and labels checked,Build; internal routes/anchors; labelled controls; duplicate IDs; missing assets; theme; overflow; runtime; family review (see report),"No known blocking layout/runtime failure; source editions, individual manual review, field data and licensing limits in release report"
/cross-chain-breakfast-ham-formats.html,article,Individual automated rendered checks; family representative visually reviewed; no individual manual visual claim,Individually authored and source/arithmetic/duplication checked,"Canonical, unique title, main heading, crawlable links, sitemap and metadata checks passed; intent map recorded; no rank claim","Edge and WebKit, light/dark, 320/390/768/1024/1280/1440 rendered checks; representative text sizing and missing-image checks separately recorded",Native details/links and family navigation checks; individual runtime errors and labels checked,Build; internal routes/anchors; labelled controls; duplicate IDs; missing assets; theme; overflow; runtime; family review (see report),"No known blocking layout/runtime failure; source editions, individual manual review, field data and licensing limits in release report"
/cross-chain-chicken-soup-no-sodium-assumption.html,article,Individual automated rendered checks; family representative visually reviewed; no individual manual visual claim,Individually authored and source/arithmetic/duplication checked,"Canonical, unique title, main heading, crawlable links, sitemap and metadata checks passed; intent map recorded; no rank claim","Edge and WebKit, light/dark, 320/390/768/1024/1280/1440 rendered checks; representative text sizing and missing-image checks separately recorded",Native details/links and family navigation checks; individual runtime errors and labels checked,Build; internal routes/anchors; labelled controls; duplicate IDs; missing assets; theme; overflow; runtime; family review (see report),"No known blocking layout/runtime failure; source editions, individual manual review, field data and licensing limits in release report"
/cross-chain-melt-sandwich-orders.html,article,Individual automated rendered checks; family representative visually reviewed; no individual manual visual claim,Individually authored and source/arithmetic/duplication checked,"Canonical, unique title, main heading, crawlable links, sitemap and metadata checks passed; intent map recorded; no rank claim","Edge and WebKit, light/dark, 320/390/768/1024/1280/1440 rendered checks; representative text sizing and missing-image checks separately recorded",Native details/links and family navigation checks; individual runtime errors and labels checked,Build; internal routes/anchors; labelled controls; duplicate IDs; missing assets; theme; overflow; runtime; family review (see report),"No known blocking layout/runtime failure; source editions, individual manual review, field data and licensing limits in release report"
/culvers-chicken-grilled-crispy-spicy.html,article,Individual automated rendered checks; family representative visually reviewed; no individual manual visual claim,Individually authored and source/arithmetic/duplication checked,"Canonical, unique title, main heading, crawlable links, sitemap and metadata checks passed; intent map recorded; no rank claim","Edge and WebKit, light/dark, 320/390/768/1024/1280/1440 rendered checks; representative text sizing and missing-image checks separately recorded",Native details/links and family navigation checks; individual runtime errors and labels checked,Build; internal routes/anchors; labelled controls; duplicate IDs; missing assets; theme; overflow; runtime; family review (see report),"No known blocking layout/runtime failure; source editions, individual manual review, field data and licensing limits in release report"
/culvers-dinner-name-side-footnote.html,article,Individual automated rendered checks; family representative visually reviewed; no individual manual visual claim,Individually authored and source/arithmetic/duplication checked,"Canonical, unique title, main heading, crawlable links, sitemap and metadata checks passed; intent map recorded; no rank claim","Edge and WebKit, light/dark, 320/390/768/1024/1280/1440 rendered checks; representative text sizing and missing-image checks separately recorded",Native details/links and family navigation checks; individual runtime errors and labels checked,Build; internal routes/anchors; labelled controls; duplicate IDs; missing assets; theme; overflow; runtime; family review (see report),"No known blocking layout/runtime failure; source editions, individual manual review, field data and licensing limits in release report"
/culvers-nutrition-guide.html,restaurant,Individual automated rendered checks; family representative visually reviewed; no individual manual visual claim,Contextual family copy review; raw duplicate candidates retained; factual and legal meanings preserved,"Canonical, unique title, main heading, crawlable links, sitemap and metadata checks passed; intent map recorded; no rank claim","Edge and WebKit, light/dark, 320/390/768/1024/1280/1440 rendered checks; representative text sizing and missing-image checks separately recorded",Native details/links and family navigation checks; individual runtime errors and labels checked,Build; internal routes/anchors; labelled controls; duplicate IDs; missing assets; theme; overflow; runtime; family review (see report),"No known blocking layout/runtime failure; source editions, individual manual review, field data and licensing limits in release report"
/cutting-bulking-maintenance-explained.html,article,Individual automated rendered checks; family representative visually reviewed; no individual manual visual claim,Contextual family copy review; raw duplicate candidates retained; factual and legal meanings preserved,"Canonical, unique title, main heading, crawlable links, sitemap and metadata checks passed; intent map recorded; no rank claim","Edge and WebKit, light/dark, 320/390/768/1024/1280/1440 rendered checks; representative text sizing and missing-image checks separately recorded",Native details/links and family navigation checks; individual runtime errors and labels checked,Build; internal routes/anchors; labelled controls; duplicate IDs; missing assets; theme; overflow; runtime; family review (see report),"No known blocking layout/runtime failure; source editions, individual manual review, field data and licensing limits in release report"
/del-taco-bean-burrito-vs-veggie-burrito.html,article,Individual automated rendered checks; family representative visually reviewed; no individual manual visual claim,Individually authored and source/arithmetic/duplication checked,"Canonical, unique title, main heading, crawlable links, sitemap and metadata checks passed; intent map recorded; no rank claim","Edge and WebKit, light/dark, 320/390/768/1024/1280/1440 rendered checks; representative text sizing and missing-image checks separately recorded",Native details/links and family navigation checks; individual runtime errors and labels checked,Build; internal routes/anchors; labelled controls; duplicate IDs; missing assets; theme; overflow; runtime; family review (see report),"No known blocking layout/runtime failure; source editions, individual manual review, field data and licensing limits in release report"
/del-taco-nutrition-guide.html,restaurant,Individual automated rendered checks; family representative visually reviewed; no individual manual visual claim,Contextual family copy review; raw duplicate candidates retained; factual and legal meanings preserved,"Canonical, unique title, main heading, crawlable links, sitemap and metadata checks passed; intent map recorded; no rank claim","Edge and WebKit, light/dark, 320/390/768/1024/1280/1440 rendered checks; representative text sizing and missing-image checks separately recorded",Native details/links and family navigation checks; individual runtime errors and labels checked,Build; internal routes/anchors; labelled controls; duplicate IDs; missing assets; theme; overflow; runtime; family review (see report),"No known blocking layout/runtime failure; source editions, individual manual review, field data and licensing limits in release report"
/del-taco-two-street-tacos-vs-burrito.html,article,Individual automated rendered checks; family representative visually reviewed; no individual manual visual claim,Individually authored and source/arithmetic/duplication checked,"Canonical, unique title, main heading, crawlable links, sitemap and metadata checks passed; intent map recorded; no rank claim","Edge and WebKit, light/dark, 320/390/768/1024/1280/1440 rendered checks; representative text sizing and missing-image checks separately recorded",Native details/links and family navigation checks; individual runtime errors and labels checked,Build; internal routes/anchors; labelled controls; duplicate IDs; missing assets; theme; overflow; runtime; family review (see report),"No known blocking layout/runtime failure; source editions, individual manual review, field data and licensing limits in release report"
/does-creatine-cause-hair-loss.html,article,Individual automated rendered checks; family representative visually reviewed; no individual manual visual claim,Contextual family copy review; raw duplicate candidates retained; factual and legal meanings preserved,"Canonical, unique title, main heading, crawlable links, sitemap and metadata checks passed; intent map recorded; no rank claim","Edge and WebKit, light/dark, 320/390/768/1024/1280/1440 rendered checks; representative text sizing and missing-image checks separately recorded",Native details/links and family navigation checks; individual runtime errors and labels checked,Build; internal routes/anchors; labelled controls; duplicate IDs; missing assets; theme; overflow; runtime; family review (see report),"No known blocking layout/runtime failure; source editions, individual manual review, field data and licensing limits in release report"
/drained-weight-nutrition-label.html,article,Individual automated rendered checks; family representative visually reviewed; no individual manual visual claim,Contextual family copy review; raw duplicate candidates retained; factual and legal meanings preserved,"Canonical, unique title, main heading, crawlable links, sitemap and metadata checks passed; intent map recorded; no rank claim","Edge and WebKit, light/dark, 320/390/768/1024/1280/1440 rendered checks; representative text sizing and missing-image checks separately recorded",Native details/links and family navigation checks; individual runtime errors and labels checked,Build; internal routes/anchors; labelled controls; duplicate IDs; missing assets; theme; overflow; runtime; family review (see report),"No known blocking layout/runtime failure; source editions, individual manual review, field data and licensing limits in release report"
/dunkin-healthy-breakfast-macros.html,restaurant,Individual automated rendered checks; family representative visually reviewed; no individual manual visual claim,Contextual family copy review; raw duplicate candidates retained; factual and legal meanings preserved,"Canonical, unique title, main heading, crawlable links, sitemap and metadata checks passed; intent map recorded; no rank claim","Edge and WebKit, light/dark, 320/390/768/1024/1280/1440 rendered checks; representative text sizing and missing-image checks separately recorded",Native details/links and family navigation checks; individual runtime errors and labels checked,Build; internal routes/anchors; labelled controls; duplicate IDs; missing assets; theme; overflow; runtime; family review (see report),"No known blocking layout/runtime failure; source editions, individual manual review, field data and licensing limits in release report"
/edible-portion-vs-purchased-weight.html,article,Individual automated rendered checks; family representative visually reviewed; no individual manual visual claim,Contextual family copy review; raw duplicate candidates retained; factual and legal meanings preserved,"Canonical, unique title, main heading, crawlable links, sitemap and metadata checks passed; intent map recorded; no rank claim","Edge and WebKit, light/dark, 320/390/768/1024/1280/1440 rendered checks; representative text sizing and missing-image checks separately recorded",Native details/links and family navigation checks; individual runtime errors and labels checked,Build; internal routes/anchors; labelled controls; duplicate IDs; missing assets; theme; overflow; runtime; family review (see report),"No known blocking layout/runtime failure; source editions, individual manual review, field data and licensing limits in release report"
/editorial-policy.html,trust,"Representative screenshot reviewed; full-page or contact-sheet review, not a screen-reader audit",Contextual family copy review; raw duplicate candidates retained; factual and legal meanings preserved,"Canonical, unique title, main heading, crawlable links, sitemap and metadata checks passed; intent map recorded; no rank claim","Edge and WebKit, light/dark, 320/390/768/1024/1280/1440 rendered checks; representative text sizing and missing-image checks separately recorded",Native details/links and family navigation checks; individual runtime errors and labels checked,Build; internal routes/anchors; labelled controls; duplicate IDs; missing assets; theme; overflow; runtime; family review (see report),"No known blocking layout/runtime failure; source editions, individual manual review, field data and licensing limits in release report"
/el-pollo-loco-bowls-protein-bigger-build.html,article,Individual automated rendered checks; family representative visually reviewed; no individual manual visual claim,Individually authored and source/arithmetic/duplication checked,"Canonical, unique title, main heading, crawlable links, sitemap and metadata checks passed; intent map recorded; no rank claim","Edge and WebKit, light/dark, 320/390/768/1024/1280/1440 rendered checks; representative text sizing and missing-image checks separately recorded",Native details/links and family navigation checks; individual runtime errors and labels checked,Build; internal routes/anchors; labelled controls; duplicate IDs; missing assets; theme; overflow; runtime; family review (see report),"No known blocking layout/runtime failure; source editions, individual manual review, field data and licensing limits in release report"
/el-pollo-loco-nutrition-guide.html,restaurant,Individual automated rendered checks; family representative visually reviewed; no individual manual visual claim,Contextual family copy review; raw duplicate candidates retained; factual and legal meanings preserved,"Canonical, unique title, main heading, crawlable links, sitemap and metadata checks passed; intent map recorded; no rank claim","Edge and WebKit, light/dark, 320/390/768/1024/1280/1440 rendered checks; representative text sizing and missing-image checks separately recorded",Native details/links and family navigation checks; individual runtime errors and labels checked,Build; internal routes/anchors; labelled controls; duplicate IDs; missing assets; theme; overflow; runtime; family review (see report),"No known blocking layout/runtime failure; source editions, individual manual review, field data and licensing limits in release report"
/el-pollo-loco-salad-dressing-boundary.html,article,Individual automated rendered checks; family representative visually reviewed; no individual manual visual claim,Individually authored and source/arithmetic/duplication checked,"Canonical, unique title, main heading, crawlable links, sitemap and metadata checks passed; intent map recorded; no rank claim","Edge and WebKit, light/dark, 320/390/768/1024/1280/1440 rendered checks; representative text sizing and missing-image checks separately recorded",Native details/links and family navigation checks; individual runtime errors and labels checked,Build; internal routes/anchors; labelled controls; duplicate IDs; missing assets; theme; overflow; runtime; family review (see report),"No known blocking layout/runtime failure; source editions, individual manual review, field data and licensing limits in release report"
/el-pollo-loco-tortilla-complete-chicken-meal.html,article,Individual automated rendered checks; family representative visually reviewed; no individual manual visual claim,Individually authored and source/arithmetic/duplication checked,"Canonical, unique title, main heading, crawlable links, sitemap and metadata checks passed; intent map recorded; no rank claim","Edge and WebKit, light/dark, 320/390/768/1024/1280/1440 rendered checks; representative text sizing and missing-image checks separately recorded",Native details/links and family navigation checks; individual runtime errors and labels checked,Build; internal routes/anchors; labelled controls; duplicate IDs; missing assets; theme; overflow; runtime; family review (see report),"No known blocking layout/runtime failure; source editions, individual manual review, field data and licensing limits in release report"
/equal-calories-different-macros-menu.html,article,Individual automated rendered checks; family representative visually reviewed; no individual manual visual claim,Individually authored and source/arithmetic/duplication checked,"Canonical, unique title, main heading, crawlable links, sitemap and metadata checks passed; intent map recorded; no rank claim","Edge and WebKit, light/dark, 320/390/768/1024/1280/1440 rendered checks; representative text sizing and missing-image checks separately recorded",Native details/links and family navigation checks; individual runtime errors and labels checked,Build; internal routes/anchors; labelled controls; duplicate IDs; missing assets; theme; overflow; runtime; family review (see report),"No known blocking layout/runtime failure; source editions, individual manual review, field data and licensing limits in release report"
/equal-tax-protein-value-ranking.html,article,Individual automated rendered checks; family representative visually reviewed; no individual manual visual claim,Individually authored and source/arithmetic/duplication checked,"Canonical, unique title, main heading, crawlable links, sitemap and metadata checks passed; intent map recorded; no rank claim","Edge and WebKit, light/dark, 320/390/768/1024/1280/1440 rendered checks; representative text sizing and missing-image checks separately recorded",Native details/links and family navigation checks; individual runtime errors and labels checked,Build; internal routes/anchors; labelled controls; duplicate IDs; missing assets; theme; overflow; runtime; family review (see report),"No known blocking layout/runtime failure; source editions, individual manual review, field data and licensing limits in release report"
/exact-fiber-coverage-denominator.html,article,Individual automated rendered checks; family representative visually reviewed; no individual manual visual claim,Individually authored and source/arithmetic/duplication checked,"Canonical, unique title, main heading, crawlable links, sitemap and metadata checks passed; intent map recorded; no rank claim","Edge and WebKit, light/dark, 320/390/768/1024/1280/1440 rendered checks; representative text sizing and missing-image checks separately recorded",Native details/links and family navigation checks; individual runtime errors and labels checked,Build; internal routes/anchors; labelled controls; duplicate IDs; missing assets; theme; overflow; runtime; family review (see report),"No known blocking layout/runtime failure; source editions, individual manual review, field data and licensing limits in release report"
/fast-food-breakfast-protein-comparison.html,article,Individual automated rendered checks; family representative visually reviewed; no individual manual visual claim,Contextual family copy review; raw duplicate candidates retained; factual and legal meanings preserved,"Canonical, unique title, main heading, crawlable links, sitemap and metadata checks passed; intent map recorded; no rank claim","Edge and WebKit, light/dark, 320/390/768/1024/1280/1440 rendered checks; representative text sizing and missing-image checks separately recorded",Native details/links and family navigation checks; individual runtime errors and labels checked,Build; internal routes/anchors; labelled controls; duplicate IDs; missing assets; theme; overflow; runtime; family review (see report),"No known blocking layout/runtime failure; source editions, individual manual review, field data and licensing limits in release report"
/fast-food-fiber-and-protein.html,article,Individual automated rendered checks; family representative visually reviewed; no individual manual visual claim,Contextual family copy review; raw duplicate candidates retained; factual and legal meanings preserved,"Canonical, unique title, main heading, crawlable links, sitemap and metadata checks passed; intent map recorded; no rank claim","Edge and WebKit, light/dark, 320/390/768/1024/1280/1440 rendered checks; representative text sizing and missing-image checks separately recorded",Native details/links and family navigation checks; individual runtime errors and labels checked,Build; internal routes/anchors; labelled controls; duplicate IDs; missing assets; theme; overflow; runtime; family review (see report),"No known blocking layout/runtime failure; source editions, individual manual review, field data and licensing limits in release report"
/fast-food-meals-500-to-700-calories.html,article,Individual automated rendered checks; family representative visually reviewed; no individual manual visual claim,Contextual family copy review; raw duplicate candidates retained; factual and legal meanings preserved,"Canonical, unique title, main heading, crawlable links, sitemap and metadata checks passed; intent map recorded; no rank claim","Edge and WebKit, light/dark, 320/390/768/1024/1280/1440 rendered checks; representative text sizing and missing-image checks separately recorded",Native details/links and family navigation checks; individual runtime errors and labels checked,Build; internal routes/anchors; labelled controls; duplicate IDs; missing assets; theme; overflow; runtime; family review (see report),"No known blocking layout/runtime failure; source editions, individual manual review, field data and licensing limits in release report"
/fast-food-nutrition-data-report.html,article,"Representative screenshot reviewed; full-page or contact-sheet review, not a screen-reader audit",Contextual family copy review; raw duplicate candidates retained; factual and legal meanings preserved,"Canonical, unique title, main heading, crawlable links, sitemap and metadata checks passed; intent map recorded; no rank claim","Edge and WebKit, light/dark, 320/390/768/1024/1280/1440 rendered checks; representative text sizing and missing-image checks separately recorded",Native details/links and family navigation checks; individual runtime errors and labels checked,Build; internal routes/anchors; labelled controls; duplicate IDs; missing assets; theme; overflow; runtime; family review (see report),"No known blocking layout/runtime failure; source editions, individual manual review, field data and licensing limits in release report"
/fast-food-protein-and-sodium.html,article,Individual automated rendered checks; family representative visually reviewed; no individual manual visual claim,Contextual family copy review; raw duplicate candidates retained; factual and legal meanings preserved,"Canonical, unique title, main heading, crawlable links, sitemap and metadata checks passed; intent map recorded; no rank claim","Edge and WebKit, light/dark, 320/390/768/1024/1280/1440 rendered checks; representative text sizing and missing-image checks separately recorded",Native details/links and family navigation checks; individual runtime errors and labels checked,Build; internal routes/anchors; labelled controls; duplicate IDs; missing assets; theme; overflow; runtime; family review (see report),"No known blocking layout/runtime failure; source editions, individual manual review, field data and licensing limits in release report"
/fast-food-under-1000mg-sodium.html,article,Individual automated rendered checks; family representative visually reviewed; no individual manual visual claim,Contextual family copy review; raw duplicate candidates retained; factual and legal meanings preserved,"Canonical, unique title, main heading, crawlable links, sitemap and metadata checks passed; intent map recorded; no rank claim","Edge and WebKit, light/dark, 320/390/768/1024/1280/1440 rendered checks; representative text sizing and missing-image checks separately recorded",Native details/links and family navigation checks; individual runtime errors and labels checked,Build; internal routes/anchors; labelled controls; duplicate IDs; missing assets; theme; overflow; runtime; family review (see report),"No known blocking layout/runtime failure; source editions, individual manual review, field data and licensing limits in release report"
/fat-and-carb-two-energy-profiles.html,article,Individual automated rendered checks; family representative visually reviewed; no individual manual visual claim,Individually authored and source/arithmetic/duplication checked,"Canonical, unique title, main heading, crawlable links, sitemap and metadata checks passed; intent map recorded; no rank claim","Edge and WebKit, light/dark, 320/390/768/1024/1280/1440 rendered checks; representative text sizing and missing-image checks separately recorded",Native details/links and family navigation checks; individual runtime errors and labels checked,Build; internal routes/anchors; labelled controls; duplicate IDs; missing assets; theme; overflow; runtime; family review (see report),"No known blocking layout/runtime failure; source editions, individual manual review, field data and licensing limits in release report"
/fats.html,article,Individual automated rendered checks; family representative visually reviewed; no individual manual visual claim,Contextual family copy review; raw duplicate candidates retained; factual and legal meanings preserved,"Canonical, unique title, main heading, crawlable links, sitemap and metadata checks passed; intent map recorded; no rank claim","Edge and WebKit, light/dark, 320/390/768/1024/1280/1440 rendered checks; representative text sizing and missing-image checks separately recorded",Native details/links and family navigation checks; individual runtime errors and labels checked,Build; internal routes/anchors; labelled controls; duplicate IDs; missing assets; theme; overflow; runtime; family review (see report),"No known blocking layout/runtime failure; source editions, individual manual review, field data and licensing limits in release report"
/fiber-count-menu-not-plant-score.html,article,Individual automated rendered checks; family representative visually reviewed; no individual manual visual claim,Individually authored and source/arithmetic/duplication checked,"Canonical, unique title, main heading, crawlable links, sitemap and metadata checks passed; intent map recorded; no rank claim","Edge and WebKit, light/dark, 320/390/768/1024/1280/1440 rendered checks; representative text sizing and missing-image checks separately recorded",Native details/links and family navigation checks; individual runtime errors and labels checked,Build; internal routes/anchors; labelled controls; duplicate IDs; missing assets; theme; overflow; runtime; family review (see report),"No known blocking layout/runtime failure; source editions, individual manual review, field data and licensing limits in release report"
/fiber-daily-value-portion-example.html,article,Individual automated rendered checks; family representative visually reviewed; no individual manual visual claim,Individually authored and source/arithmetic/duplication checked,"Canonical, unique title, main heading, crawlable links, sitemap and metadata checks passed; intent map recorded; no rank claim","Edge and WebKit, light/dark, 320/390/768/1024/1280/1440 rendered checks; representative text sizing and missing-image checks separately recorded",Native details/links and family navigation checks; individual runtime errors and labels checked,Build; internal routes/anchors; labelled controls; duplicate IDs; missing assets; theme; overflow; runtime; family review (see report),"No known blocking layout/runtime failure; source editions, individual manual review, field data and licensing limits in release report"
/fiber-per-portion-vs-density.html,article,Individual automated rendered checks; family representative visually reviewed; no individual manual visual claim,Individually authored and source/arithmetic/duplication checked,"Canonical, unique title, main heading, crawlable links, sitemap and metadata checks passed; intent map recorded; no rank claim","Edge and WebKit, light/dark, 320/390/768/1024/1280/1440 rendered checks; representative text sizing and missing-image checks separately recorded",Native details/links and family navigation checks; individual runtime errors and labels checked,Build; internal routes/anchors; labelled controls; duplicate IDs; missing assets; theme; overflow; runtime; family review (see report),"No known blocking layout/runtime failure; source editions, individual manual review, field data and licensing limits in release report"
/food-shelf.html,saved,"Representative screenshot reviewed; full-page or contact-sheet review, not a screen-reader audit",Contextual family copy review; raw duplicate candidates retained; factual and legal meanings preserved,"Canonical, unique title, main heading, crawlable links, sitemap and metadata checks passed; intent map recorded; no rank claim","Edge and WebKit, light/dark, 320/390/768/1024/1280/1440 rendered checks; representative text sizing and missing-image checks separately recorded",8 cross-theme/engine/mobile/desktop core journeys; 12 feature configurations; games additionally solved in 224 browser runs,Build; internal routes/anchors; labelled controls; duplicate IDs; missing assets; theme; overflow; runtime; family review (see report),"No known blocking layout/runtime failure; source editions, individual manual review, field data and licensing limits in release report"
/grams-per-serving-vs-protein-percentage.html,article,Individual automated rendered checks; family representative visually reviewed; no individual manual visual claim,Individually authored and source/arithmetic/duplication checked,"Canonical, unique title, main heading, crawlable links, sitemap and metadata checks passed; intent map recorded; no rank claim","Edge and WebKit, light/dark, 320/390/768/1024/1280/1440 rendered checks; representative text sizing and missing-image checks separately recorded",Native details/links and family navigation checks; individual runtime errors and labels checked,Build; internal routes/anchors; labelled controls; duplicate IDs; missing assets; theme; overflow; runtime; family review (see report),"No known blocking layout/runtime failure; source editions, individual manual review, field data and licensing limits in release report"
/grams-vs-milliliters-nutrition-labels.html,article,Individual automated rendered checks; family representative visually reviewed; no individual manual visual claim,Contextual family copy review; raw duplicate candidates retained; factual and legal meanings preserved,"Canonical, unique title, main heading, crawlable links, sitemap and metadata checks passed; intent map recorded; no rank claim","Edge and WebKit, light/dark, 320/390/768/1024/1280/1440 rendered checks; representative text sizing and missing-image checks separately recorded",Native details/links and family navigation checks; individual runtime errors and labels checked,Build; internal routes/anchors; labelled controls; duplicate IDs; missing assets; theme; overflow; runtime; family review (see report),"No known blocking layout/runtime failure; source editions, individual manual review, field data and licensing limits in release report"
/grilled-and-blackened-chicken-comparison.html,article,Individual automated rendered checks; family representative visually reviewed; no individual manual visual claim,Contextual family copy review; raw duplicate candidates retained; factual and legal meanings preserved,"Canonical, unique title, main heading, crawlable links, sitemap and metadata checks passed; intent map recorded; no rank claim","Edge and WebKit, light/dark, 320/390/768/1024/1280/1440 rendered checks; representative text sizing and missing-image checks separately recorded",Native details/links and family navigation checks; individual runtime errors and labels checked,Build; internal routes/anchors; labelled controls; duplicate IDs; missing assets; theme; overflow; runtime; family review (see report),"No known blocking layout/runtime failure; source editions, individual manual review, field data and licensing limits in release report"
/half-serving-percent-daily-value.html,article,Individual automated rendered checks; family representative visually reviewed; no individual manual visual claim,Individually authored and source/arithmetic/duplication checked,"Canonical, unique title, main heading, crawlable links, sitemap and metadata checks passed; intent map recorded; no rank claim","Edge and WebKit, light/dark, 320/390/768/1024/1280/1440 rendered checks; representative text sizing and missing-image checks separately recorded",Native details/links and family navigation checks; individual runtime errors and labels checked,Build; internal routes/anchors; labelled controls; duplicate IDs; missing assets; theme; overflow; runtime; family review (see report),"No known blocking layout/runtime failure; source editions, individual manual review, field data and licensing limits in release report"
/healthy-fast-food.html,reference-index,"Representative screenshot reviewed; full-page or contact-sheet review, not a screen-reader audit",Contextual family copy review; raw duplicate candidates retained; factual and legal meanings preserved,"Canonical, unique title, main heading, crawlable links, sitemap and metadata checks passed; intent map recorded; no rank claim","Edge and WebKit, light/dark, 320/390/768/1024/1280/1440 rendered checks; representative text sizing and missing-image checks separately recorded",Native details/links and family navigation checks; individual runtime errors and labels checked,Build; internal routes/anchors; labelled controls; duplicate IDs; missing assets; theme; overflow; runtime; family review (see report),"No known blocking layout/runtime failure; source editions, individual manual review, field data and licensing limits in release report"
/high-protein-fast-food-under-500-calories.html,article,Individual automated rendered checks; family representative visually reviewed; no individual manual visual claim,Contextual family copy review; raw duplicate candidates retained; factual and legal meanings preserved,"Canonical, unique title, main heading, crawlable links, sitemap and metadata checks passed; intent map recorded; no rank claim","Edge and WebKit, light/dark, 320/390/768/1024/1280/1440 rendered checks; representative text sizing and missing-image checks separately recorded",Native details/links and family navigation checks; individual runtime errors and labels checked,Build; internal routes/anchors; labelled controls; duplicate IDs; missing assets; theme; overflow; runtime; family review (see report),"No known blocking layout/runtime failure; source editions, individual manual review, field data and licensing limits in release report"
/high-protein-foods-list.html,reference-index,Individual automated rendered checks; family representative visually reviewed; no individual manual visual claim,Contextual family copy review; raw duplicate candidates retained; factual and legal meanings preserved,"Canonical, unique title, main heading, crawlable links, sitemap and metadata checks passed; intent map recorded; no rank claim","Edge and WebKit, light/dark, 320/390/768/1024/1280/1440 rendered checks; representative text sizing and missing-image checks separately recorded",Native details/links and family navigation checks; individual runtime errors and labels checked,Build; internal routes/anchors; labelled controls; duplicate IDs; missing assets; theme; overflow; runtime; family review (see report),"No known blocking layout/runtime failure; source editions, individual manual review, field data and licensing limits in release report"
/how-many-calories-should-i-eat-a-day.html,article,Individual automated rendered checks; family representative visually reviewed; no individual manual visual claim,Contextual family copy review; raw duplicate candidates retained; factual and legal meanings preserved,"Canonical, unique title, main heading, crawlable links, sitemap and metadata checks passed; intent map recorded; no rank claim","Edge and WebKit, light/dark, 320/390/768/1024/1280/1440 rendered checks; representative text sizing and missing-image checks separately recorded",Native details/links and family navigation checks; individual runtime errors and labels checked,Build; internal routes/anchors; labelled controls; duplicate IDs; missing assets; theme; overflow; runtime; family review (see report),"No known blocking layout/runtime failure; source editions, individual manual review, field data and licensing limits in release report"
/how-much-fiber-per-day.html,article,Individual automated rendered checks; family representative visually reviewed; no individual manual visual claim,Contextual family copy review; raw duplicate candidates retained; factual and legal meanings preserved,"Canonical, unique title, main heading, crawlable links, sitemap and metadata checks passed; intent map recorded; no rank claim","Edge and WebKit, light/dark, 320/390/768/1024/1280/1440 rendered checks; representative text sizing and missing-image checks separately recorded",Native details/links and family navigation checks; individual runtime errors and labels checked,Build; internal routes/anchors; labelled controls; duplicate IDs; missing assets; theme; overflow; runtime; family review (see report),"No known blocking layout/runtime failure; source editions, individual manual review, field data and licensing limits in release report"
/how-much-protein-can-your-body-absorb.html,article,Individual automated rendered checks; family representative visually reviewed; no individual manual visual claim,Contextual family copy review; raw duplicate candidates retained; factual and legal meanings preserved,"Canonical, unique title, main heading, crawlable links, sitemap and metadata checks passed; intent map recorded; no rank claim","Edge and WebKit, light/dark, 320/390/768/1024/1280/1440 rendered checks; representative text sizing and missing-image checks separately recorded",Native details/links and family navigation checks; individual runtime errors and labels checked,Build; internal routes/anchors; labelled controls; duplicate IDs; missing assets; theme; overflow; runtime; family review (see report),"No known blocking layout/runtime failure; source editions, individual manual review, field data and licensing limits in release report"
/how-much-protein-per-day.html,article,Individual automated rendered checks; family representative visually reviewed; no individual manual visual claim,Contextual family copy review; raw duplicate candidates retained; factual and legal meanings preserved,"Canonical, unique title, main heading, crawlable links, sitemap and metadata checks passed; intent map recorded; no rank claim","Edge and WebKit, light/dark, 320/390/768/1024/1280/1440 rendered checks; representative text sizing and missing-image checks separately recorded",Native details/links and family navigation checks; individual runtime errors and labels checked,Build; internal routes/anchors; labelled controls; duplicate IDs; missing assets; theme; overflow; runtime; family review (see report),"No known blocking layout/runtime failure; source editions, individual manual review, field data and licensing limits in release report"
/how-much-sodium-per-day.html,article,Individual automated rendered checks; family representative visually reviewed; no individual manual visual claim,Contextual family copy review; raw duplicate candidates retained; factual and legal meanings preserved,"Canonical, unique title, main heading, crawlable links, sitemap and metadata checks passed; intent map recorded; no rank claim","Edge and WebKit, light/dark, 320/390/768/1024/1280/1440 rendered checks; representative text sizing and missing-image checks separately recorded",Native details/links and family navigation checks; individual runtime errors and labels checked,Build; internal routes/anchors; labelled controls; duplicate IDs; missing assets; theme; overflow; runtime; family review (see report),"No known blocking layout/runtime failure; source editions, individual manual review, field data and licensing limits in release report"
/how-to-build-a-balanced-meal-with-macros.html,article,Individual automated rendered checks; family representative visually reviewed; no individual manual visual claim,Contextual family copy review; raw duplicate candidates retained; factual and legal meanings preserved,"Canonical, unique title, main heading, crawlable links, sitemap and metadata checks passed; intent map recorded; no rank claim","Edge and WebKit, light/dark, 320/390/768/1024/1280/1440 rendered checks; representative text sizing and missing-image checks separately recorded",Native details/links and family navigation checks; individual runtime errors and labels checked,Build; internal routes/anchors; labelled controls; duplicate IDs; missing assets; theme; overflow; runtime; family review (see report),"No known blocking layout/runtime failure; source editions, individual manual review, field data and licensing limits in release report"
/how-to-calculate-macros-by-hand.html,article,Individual automated rendered checks; family representative visually reviewed; no individual manual visual claim,Contextual family copy review; raw duplicate candidates retained; factual and legal meanings preserved,"Canonical, unique title, main heading, crawlable links, sitemap and metadata checks passed; intent map recorded; no rank claim","Edge and WebKit, light/dark, 320/390/768/1024/1280/1440 rendered checks; representative text sizing and missing-image checks separately recorded",Native details/links and family navigation checks; individual runtime errors and labels checked,Build; internal routes/anchors; labelled controls; duplicate IDs; missing assets; theme; overflow; runtime; family review (see report),"No known blocking layout/runtime failure; source editions, individual manual review, field data and licensing limits in release report"
/how-to-calculate-maintenance-calories.html,article,Individual automated rendered checks; family representative visually reviewed; no individual manual visual claim,Contextual family copy review; raw duplicate candidates retained; factual and legal meanings preserved,"Canonical, unique title, main heading, crawlable links, sitemap and metadata checks passed; intent map recorded; no rank claim","Edge and WebKit, light/dark, 320/390/768/1024/1280/1440 rendered checks; representative text sizing and missing-image checks separately recorded",Native details/links and family navigation checks; individual runtime errors and labels checked,Build; internal routes/anchors; labelled controls; duplicate IDs; missing assets; theme; overflow; runtime; family review (see report),"No known blocking layout/runtime failure; source editions, individual manual review, field data and licensing limits in release report"
/how-to-calculate-recipe-nutrition.html,article,Individual automated rendered checks; family representative visually reviewed; no individual manual visual claim,Contextual family copy review; raw duplicate candidates retained; factual and legal meanings preserved,"Canonical, unique title, main heading, crawlable links, sitemap and metadata checks passed; intent map recorded; no rank claim","Edge and WebKit, light/dark, 320/390/768/1024/1280/1440 rendered checks; representative text sizing and missing-image checks separately recorded",Native details/links and family navigation checks; individual runtime errors and labels checked,Build; internal routes/anchors; labelled controls; duplicate IDs; missing assets; theme; overflow; runtime; family review (see report),"No known blocking layout/runtime failure; source editions, individual manual review, field data and licensing limits in release report"
/how-to-eat-out-without-wrecking-your-goal.html,article,Individual automated rendered checks; family representative visually reviewed; no individual manual visual claim,Contextual family copy review; raw duplicate candidates retained; factual and legal meanings preserved,"Canonical, unique title, main heading, crawlable links, sitemap and metadata checks passed; intent map recorded; no rank claim","Edge and WebKit, light/dark, 320/390/768/1024/1280/1440 rendered checks; representative text sizing and missing-image checks separately recorded",Native details/links and family navigation checks; individual runtime errors and labels checked,Build; internal routes/anchors; labelled controls; duplicate IDs; missing assets; theme; overflow; runtime; family review (see report),"No known blocking layout/runtime failure; source editions, individual manual review, field data and licensing limits in release report"
/how-to-hit-protein-goal-on-budget.html,article,Individual automated rendered checks; family representative visually reviewed; no individual manual visual claim,Contextual family copy review; raw duplicate candidates retained; factual and legal meanings preserved,"Canonical, unique title, main heading, crawlable links, sitemap and metadata checks passed; intent map recorded; no rank claim","Edge and WebKit, light/dark, 320/390/768/1024/1280/1440 rendered checks; representative text sizing and missing-image checks separately recorded",Native details/links and family navigation checks; individual runtime errors and labels checked,Build; internal routes/anchors; labelled controls; duplicate IDs; missing assets; theme; overflow; runtime; family review (see report),"No known blocking layout/runtime failure; source editions, individual manual review, field data and licensing limits in release report"
/how-to-read-a-nutrition-label.html,article,Individual automated rendered checks; family representative visually reviewed; no individual manual visual claim,Contextual family copy review; raw duplicate candidates retained; factual and legal meanings preserved,"Canonical, unique title, main heading, crawlable links, sitemap and metadata checks passed; intent map recorded; no rank claim","Edge and WebKit, light/dark, 320/390/768/1024/1280/1440 rendered checks; representative text sizing and missing-image checks separately recorded",Native details/links and family navigation checks; individual runtime errors and labels checked,Build; internal routes/anchors; labelled controls; duplicate IDs; missing assets; theme; overflow; runtime; family review (see report),"No known blocking layout/runtime failure; source editions, individual manual review, field data and licensing limits in release report"
/in-n-out-double-vs-two-hamburgers.html,article,Individual automated rendered checks; family representative visually reviewed; no individual manual visual claim,Individually authored and source/arithmetic/duplication checked,"Canonical, unique title, main heading, crawlable links, sitemap and metadata checks passed; intent map recorded; no rank claim","Edge and WebKit, light/dark, 320/390/768/1024/1280/1440 rendered checks; representative text sizing and missing-image checks separately recorded",Native details/links and family navigation checks; individual runtime errors and labels checked,Build; internal routes/anchors; labelled controls; duplicate IDs; missing assets; theme; overflow; runtime; family review (see report),"No known blocking layout/runtime failure; source editions, individual manual review, field data and licensing limits in release report"
/in-n-out-nutrition-guide.html,restaurant,"Representative screenshot reviewed; full-page or contact-sheet review, not a screen-reader audit",Contextual family copy review; raw duplicate candidates retained; factual and legal meanings preserved,"Canonical, unique title, main heading, crawlable links, sitemap and metadata checks passed; intent map recorded; no rank claim","Edge and WebKit, light/dark, 320/390/768/1024/1280/1440 rendered checks; representative text sizing and missing-image checks separately recorded",Native details/links and family navigation checks; individual runtime errors and labels checked,Build; internal routes/anchors; labelled controls; duplicate IDs; missing assets; theme; overflow; runtime; family review (see report),"No known blocking layout/runtime failure; source editions, individual manual review, field data and licensing limits in release report"
/in-n-out-three-published-hamburger-versions.html,article,Individual automated rendered checks; family representative visually reviewed; no individual manual visual claim,Individually authored and source/arithmetic/duplication checked,"Canonical, unique title, main heading, crawlable links, sitemap and metadata checks passed; intent map recorded; no rank claim","Edge and WebKit, light/dark, 320/390/768/1024/1280/1440 rendered checks; representative text sizing and missing-image checks separately recorded",Native details/links and family navigation checks; individual runtime errors and labels checked,Build; internal routes/anchors; labelled controls; duplicate IDs; missing assets; theme; overflow; runtime; family review (see report),"No known blocking layout/runtime failure; source editions, individual manual review, field data and licensing limits in release report"
/index.html,home,"Representative screenshot reviewed; full-page or contact-sheet review, not a screen-reader audit",Contextual family copy review; raw duplicate candidates retained; factual and legal meanings preserved,"Canonical, unique title, main heading, crawlable links, sitemap and metadata checks passed; intent map recorded; no rank claim","Edge and WebKit, light/dark, 320/390/768/1024/1280/1440 rendered checks; representative text sizing and missing-image checks separately recorded",8 cross-theme/engine/mobile/desktop core journeys; 12 feature configurations; games additionally solved in 224 browser runs,Build; internal routes/anchors; labelled controls; duplicate IDs; missing assets; theme; overflow; runtime; family review (see report),"No known blocking layout/runtime failure; source editions, individual manual review, field data and licensing limits in release report"
/jersey-mikes-healthy-subs-macros.html,restaurant,Individual automated rendered checks; family representative visually reviewed; no individual manual visual claim,Contextual family copy review; raw duplicate candidates retained; factual and legal meanings preserved,"Canonical, unique title, main heading, crawlable links, sitemap and metadata checks passed; intent map recorded; no rank claim","Edge and WebKit, light/dark, 320/390/768/1024/1280/1440 rendered checks; representative text sizing and missing-image checks separately recorded",Native details/links and family navigation checks; individual runtime errors and labels checked,Build; internal routes/anchors; labelled controls; duplicate IDs; missing assets; theme; overflow; runtime; family review (see report),"No known blocking layout/runtime failure; source editions, individual manual review, field data and licensing limits in release report"
/kfc-healthy-meals-macros.html,restaurant,Individual automated rendered checks; family representative visually reviewed; no individual manual visual claim,Contextual family copy review; raw duplicate candidates retained; factual and legal meanings preserved,"Canonical, unique title, main heading, crawlable links, sitemap and metadata checks passed; intent map recorded; no rank claim","Edge and WebKit, light/dark, 320/390/768/1024/1280/1440 rendered checks; representative text sizing and missing-image checks separately recorded",Native details/links and family navigation checks; individual runtime errors and labels checked,Build; internal routes/anchors; labelled controls; duplicate IDs; missing assets; theme; overflow; runtime; family review (see report),"No known blocking layout/runtime failure; source editions, individual manual review, field data and licensing limits in release report"
/macros-for-muscle-gain.html,article,Individual automated rendered checks; family representative visually reviewed; no individual manual visual claim,Contextual family copy review; raw duplicate candidates retained; factual and legal meanings preserved,"Canonical, unique title, main heading, crawlable links, sitemap and metadata checks passed; intent map recorded; no rank claim","Edge and WebKit, light/dark, 320/390/768/1024/1280/1440 rendered checks; representative text sizing and missing-image checks separately recorded",Native details/links and family navigation checks; individual runtime errors and labels checked,Build; internal routes/anchors; labelled controls; duplicate IDs; missing assets; theme; overflow; runtime; family review (see report),"No known blocking layout/runtime failure; source editions, individual manual review, field data and licensing limits in release report"
/macros-for-weight-loss.html,article,Individual automated rendered checks; family representative visually reviewed; no individual manual visual claim,Contextual family copy review; raw duplicate candidates retained; factual and legal meanings preserved,"Canonical, unique title, main heading, crawlable links, sitemap and metadata checks passed; intent map recorded; no rank claim","Edge and WebKit, light/dark, 320/390/768/1024/1280/1440 rendered checks; representative text sizing and missing-image checks separately recorded",Native details/links and family navigation checks; individual runtime errors and labels checked,Build; internal routes/anchors; labelled controls; duplicate IDs; missing assets; theme; overflow; runtime; family review (see report),"No known blocking layout/runtime failure; source editions, individual manual review, field data and licensing limits in release report"
/mcdonalds-healthy-meals-macros.html,restaurant,Individual automated rendered checks; family representative visually reviewed; no individual manual visual claim,Contextual family copy review; raw duplicate candidates retained; factual and legal meanings preserved,"Canonical, unique title, main heading, crawlable links, sitemap and metadata checks passed; intent map recorded; no rank claim","Edge and WebKit, light/dark, 320/390/768/1024/1280/1440 rendered checks; representative text sizing and missing-image checks separately recorded",Native details/links and family navigation checks; individual runtime errors and labels checked,Build; internal routes/anchors; labelled controls; duplicate IDs; missing assets; theme; overflow; runtime; family review (see report),"No known blocking layout/runtime failure; source editions, individual manual review, field data and licensing limits in release report"
/meal-calculation-two-serving-units.html,article,Individual automated rendered checks; family representative visually reviewed; no individual manual visual claim,Individually authored and source/arithmetic/duplication checked,"Canonical, unique title, main heading, crawlable links, sitemap and metadata checks passed; intent map recorded; no rank claim","Edge and WebKit, light/dark, 320/390/768/1024/1280/1440 rendered checks; representative text sizing and missing-image checks separately recorded",Native details/links and family navigation checks; individual runtime errors and labels checked,Build; internal routes/anchors; labelled controls; duplicate IDs; missing assets; theme; overflow; runtime; family review (see report),"No known blocking layout/runtime failure; source editions, individual manual review, field data and licensing limits in release report"
/meal-filters-intersection-not-extra-options.html,article,Individual automated rendered checks; family representative visually reviewed; no individual manual visual claim,Individually authored and source/arithmetic/duplication checked,"Canonical, unique title, main heading, crawlable links, sitemap and metadata checks passed; intent map recorded; no rank claim","Edge and WebKit, light/dark, 320/390/768/1024/1280/1440 rendered checks; representative text sizing and missing-image checks separately recorded",Native details/links and family navigation checks; individual runtime errors and labels checked,Build; internal routes/anchors; labelled controls; duplicate IDs; missing assets; theme; overflow; runtime; family review (see report),"No known blocking layout/runtime failure; source editions, individual manual review, field data and licensing limits in release report"
/menu-average-chain-weighting.html,article,Individual automated rendered checks; family representative visually reviewed; no individual manual visual claim,Individually authored and source/arithmetic/duplication checked,"Canonical, unique title, main heading, crawlable links, sitemap and metadata checks passed; intent map recorded; no rank claim","Edge and WebKit, light/dark, 320/390/768/1024/1280/1440 rendered checks; representative text sizing and missing-image checks separately recorded",Native details/links and family navigation checks; individual runtime errors and labels checked,Build; internal routes/anchors; labelled controls; duplicate IDs; missing assets; theme; overflow; runtime; family review (see report),"No known blocking layout/runtime failure; source editions, individual manual review, field data and licensing limits in release report"
/menu-pdf-filename-not-edition-date.html,article,Individual automated rendered checks; family representative visually reviewed; no individual manual visual claim,Individually authored and source/arithmetic/duplication checked,"Canonical, unique title, main heading, crawlable links, sitemap and metadata checks passed; intent map recorded; no rank claim","Edge and WebKit, light/dark, 320/390/768/1024/1280/1440 rendered checks; representative text sizing and missing-image checks separately recorded",Native details/links and family navigation checks; individual runtime errors and labels checked,Build; internal routes/anchors; labelled controls; duplicate IDs; missing assets; theme; overflow; runtime; family review (see report),"No known blocking layout/runtime failure; source editions, individual manual review, field data and licensing limits in release report"
/milligram-microgram-mineral-label.html,article,Individual automated rendered checks; family representative visually reviewed; no individual manual visual claim,Individually authored and source/arithmetic/duplication checked,"Canonical, unique title, main heading, crawlable links, sitemap and metadata checks passed; intent map recorded; no rank claim","Edge and WebKit, light/dark, 320/390/768/1024/1280/1440 rendered checks; representative text sizing and missing-image checks separately recorded",Native details/links and family navigation checks; individual runtime errors and labels checked,Build; internal routes/anchors; labelled controls; duplicate IDs; missing assets; theme; overflow; runtime; family review (see report),"No known blocking layout/runtime failure; source editions, individual manual review, field data and licensing limits in release report"
/missing-restaurant-nutrition.html,article,Individual automated rendered checks; family representative visually reviewed; no individual manual visual claim,Contextual family copy review; raw duplicate candidates retained; factual and legal meanings preserved,"Canonical, unique title, main heading, crawlable links, sitemap and metadata checks passed; intent map recorded; no rank claim","Edge and WebKit, light/dark, 320/390/768/1024/1280/1440 rendered checks; representative text sizing and missing-image checks separately recorded",Native details/links and family navigation checks; individual runtime errors and labels checked,Build; internal routes/anchors; labelled controls; duplicate IDs; missing assets; theme; overflow; runtime; family review (see report),"No known blocking layout/runtime failure; source editions, individual manual review, field data and licensing limits in release report"
/net-carbs-total-carbohydrate.html,article,Individual automated rendered checks; family representative visually reviewed; no individual manual visual claim,Individually authored and source/arithmetic/duplication checked,"Canonical, unique title, main heading, crawlable links, sitemap and metadata checks passed; intent map recorded; no rank claim","Edge and WebKit, light/dark, 320/390/768/1024/1280/1440 rendered checks; representative text sizing and missing-image checks separately recorded",Native details/links and family navigation checks; individual runtime errors and labels checked,Build; internal routes/anchors; labelled controls; duplicate IDs; missing assets; theme; overflow; runtime; family review (see report),"No known blocking layout/runtime failure; source editions, individual manual review, field data and licensing limits in release report"
/noodles-and-company-nutrition-guide.html,restaurant,Individual automated rendered checks; family representative visually reviewed; no individual manual visual claim,Contextual family copy review; raw duplicate candidates retained; factual and legal meanings preserved,"Canonical, unique title, main heading, crawlable links, sitemap and metadata checks passed; intent map recorded; no rank claim","Edge and WebKit, light/dark, 320/390/768/1024/1280/1440 rendered checks; representative text sizing and missing-image checks separately recorded",Native details/links and family navigation checks; individual runtime errors and labels checked,Build; internal routes/anchors; labelled controls; duplicate IDs; missing assets; theme; overflow; runtime; family review (see report),"No known blocking layout/runtime failure; source editions, individual manual review, field data and licensing limits in release report"
/noodles-mac-protein-not-simple-add-on.html,article,Individual automated rendered checks; family representative visually reviewed; no individual manual visual claim,Individually authored and source/arithmetic/duplication checked,"Canonical, unique title, main heading, crawlable links, sitemap and metadata checks passed; intent map recorded; no rank claim","Edge and WebKit, light/dark, 320/390/768/1024/1280/1440 rendered checks; representative text sizing and missing-image checks separately recorded",Native details/links and family navigation checks; individual runtime errors and labels checked,Build; internal routes/anchors; labelled controls; duplicate IDs; missing assets; theme; overflow; runtime; family review (see report),"No known blocking layout/runtime failure; source editions, individual manual review, field data and licensing limits in release report"
/noodles-regular-noodle-orders-not-addons.html,article,Individual automated rendered checks; family representative visually reviewed; no individual manual visual claim,Individually authored and source/arithmetic/duplication checked,"Canonical, unique title, main heading, crawlable links, sitemap and metadata checks passed; intent map recorded; no rank claim","Edge and WebKit, light/dark, 320/390/768/1024/1280/1440 rendered checks; representative text sizing and missing-image checks separately recorded",Native details/links and family navigation checks; individual runtime errors and labels checked,Build; internal routes/anchors; labelled controls; duplicate IDs; missing assets; theme; overflow; runtime; family review (see report),"No known blocking layout/runtime failure; source editions, individual manual review, field data and licensing limits in release report"
/noodles-two-chicken-salads.html,article,Individual automated rendered checks; family representative visually reviewed; no individual manual visual claim,Individually authored and source/arithmetic/duplication checked,"Canonical, unique title, main heading, crawlable links, sitemap and metadata checks passed; intent map recorded; no rank claim","Edge and WebKit, light/dark, 320/390/768/1024/1280/1440 rendered checks; representative text sizing and missing-image checks separately recorded",Native details/links and family navigation checks; individual runtime errors and labels checked,Build; internal routes/anchors; labelled controls; duplicate IDs; missing assets; theme; overflow; runtime; family review (see report),"No known blocking layout/runtime failure; source editions, individual manual review, field data and licensing limits in release report"
/nutrient-grams-not-food-weight.html,article,Individual automated rendered checks; family representative visually reviewed; no individual manual visual claim,Individually authored and source/arithmetic/duplication checked,"Canonical, unique title, main heading, crawlable links, sitemap and metadata checks passed; intent map recorded; no rank claim","Edge and WebKit, light/dark, 320/390/768/1024/1280/1440 rendered checks; representative text sizing and missing-image checks separately recorded",Native details/links and family navigation checks; individual runtime errors and labels checked,Build; internal routes/anchors; labelled controls; duplicate IDs; missing assets; theme; overflow; runtime; family review (see report),"No known blocking layout/runtime failure; source editions, individual manual review, field data and licensing limits in release report"
/nutrition-blank-vs-not-detected.html,article,Individual automated rendered checks; family representative visually reviewed; no individual manual visual claim,Individually authored and source/arithmetic/duplication checked,"Canonical, unique title, main heading, crawlable links, sitemap and metadata checks passed; intent map recorded; no rank claim","Edge and WebKit, light/dark, 320/390/768/1024/1280/1440 rendered checks; representative text sizing and missing-image checks separately recorded",Native details/links and family navigation checks; individual runtime errors and labels checked,Build; internal routes/anchors; labelled controls; duplicate IDs; missing assets; theme; overflow; runtime; family review (see report),"No known blocking layout/runtime failure; source editions, individual manual review, field data and licensing limits in release report"
/nutrition-data-mean-not-every-portion.html,article,Individual automated rendered checks; family representative visually reviewed; no individual manual visual claim,Individually authored and source/arithmetic/duplication checked,"Canonical, unique title, main heading, crawlable links, sitemap and metadata checks passed; intent map recorded; no rank claim","Edge and WebKit, light/dark, 320/390/768/1024/1280/1440 rendered checks; representative text sizing and missing-image checks separately recorded",Native details/links and family navigation checks; individual runtime errors and labels checked,Build; internal routes/anchors; labelled controls; duplicate IDs; missing assets; theme; overflow; runtime; family review (see report),"No known blocking layout/runtime failure; source editions, individual manual review, field data and licensing limits in release report"
/nutrition-label-comparison-tool.html,reference-index,"Representative screenshot reviewed; full-page or contact-sheet review, not a screen-reader audit",Contextual family copy review; raw duplicate candidates retained; factual and legal meanings preserved,"Canonical, unique title, main heading, crawlable links, sitemap and metadata checks passed; intent map recorded; no rank claim","Edge and WebKit, light/dark, 320/390/768/1024/1280/1440 rendered checks; representative text sizing and missing-image checks separately recorded",Native details/links and family navigation checks; individual runtime errors and labels checked,Build; internal routes/anchors; labelled controls; duplicate IDs; missing assets; theme; overflow; runtime; family review (see report),"No known blocking layout/runtime failure; source editions, individual manual review, field data and licensing limits in release report"
/nutrition-label-rounding.html,article,Individual automated rendered checks; family representative visually reviewed; no individual manual visual claim,Contextual family copy review; raw duplicate candidates retained; factual and legal meanings preserved,"Canonical, unique title, main heading, crawlable links, sitemap and metadata checks passed; intent map recorded; no rank claim","Edge and WebKit, light/dark, 320/390/768/1024/1280/1440 rendered checks; representative text sizing and missing-image checks separately recorded",Native details/links and family navigation checks; individual runtime errors and labels checked,Build; internal routes/anchors; labelled controls; duplicate IDs; missing assets; theme; overflow; runtime; family review (see report),"No known blocking layout/runtime failure; source editions, individual manual review, field data and licensing limits in release report"
/nutrition-totals-not-ingredient-recipe.html,article,Individual automated rendered checks; family representative visually reviewed; no individual manual visual claim,Individually authored and source/arithmetic/duplication checked,"Canonical, unique title, main heading, crawlable links, sitemap and metadata checks passed; intent map recorded; no rank claim","Edge and WebKit, light/dark, 320/390/768/1024/1280/1440 rendered checks; representative text sizing and missing-image checks separately recorded",Native details/links and family navigation checks; individual runtime errors and labels checked,Build; internal routes/anchors; labelled controls; duplicate IDs; missing assets; theme; overflow; runtime; family review (see report),"No known blocking layout/runtime failure; source editions, individual manual review, field data and licensing limits in release report"
/panda-express-base-nutrition-comparison.html,article,Individual automated rendered checks; family representative visually reviewed; no individual manual visual claim,Contextual family copy review; raw duplicate candidates retained; factual and legal meanings preserved,"Canonical, unique title, main heading, crawlable links, sitemap and metadata checks passed; intent map recorded; no rank claim","Edge and WebKit, light/dark, 320/390/768/1024/1280/1440 rendered checks; representative text sizing and missing-image checks separately recorded",Native details/links and family navigation checks; individual runtime errors and labels checked,Build; internal routes/anchors; labelled controls; duplicate IDs; missing assets; theme; overflow; runtime; family review (see report),"No known blocking layout/runtime failure; source editions, individual manual review, field data and licensing limits in release report"
/panda-express-chicken-entree-comparison.html,article,Individual automated rendered checks; family representative visually reviewed; no individual manual visual claim,Contextual family copy review; raw duplicate candidates retained; factual and legal meanings preserved,"Canonical, unique title, main heading, crawlable links, sitemap and metadata checks passed; intent map recorded; no rank claim","Edge and WebKit, light/dark, 320/390/768/1024/1280/1440 rendered checks; representative text sizing and missing-image checks separately recorded",Native details/links and family navigation checks; individual runtime errors and labels checked,Build; internal routes/anchors; labelled controls; duplicate IDs; missing assets; theme; overflow; runtime; family review (see report),"No known blocking layout/runtime failure; source editions, individual manual review, field data and licensing limits in release report"
/panda-express-healthy-meals-macros.html,restaurant,Individual automated rendered checks; family representative visually reviewed; no individual manual visual claim,Contextual family copy review; raw duplicate candidates retained; factual and legal meanings preserved,"Canonical, unique title, main heading, crawlable links, sitemap and metadata checks passed; intent map recorded; no rank claim","Edge and WebKit, light/dark, 320/390/768/1024/1280/1440 rendered checks; representative text sizing and missing-image checks separately recorded",Native details/links and family navigation checks; individual runtime errors and labels checked,Build; internal routes/anchors; labelled controls; duplicate IDs; missing assets; theme; overflow; runtime; family review (see report),"No known blocking layout/runtime failure; source editions, individual manual review, field data and licensing limits in release report"
/panera-healthy-meals-macros.html,restaurant,Individual automated rendered checks; family representative visually reviewed; no individual manual visual claim,Contextual family copy review; raw duplicate candidates retained; factual and legal meanings preserved,"Canonical, unique title, main heading, crawlable links, sitemap and metadata checks passed; intent map recorded; no rank claim","Edge and WebKit, light/dark, 320/390/768/1024/1280/1440 rendered checks; representative text sizing and missing-image checks separately recorded",Native details/links and family navigation checks; individual runtime errors and labels checked,Build; internal routes/anchors; labelled controls; duplicate IDs; missing assets; theme; overflow; runtime; family review (see report),"No known blocking layout/runtime failure; source editions, individual manual review, field data and licensing limits in release report"
/per-ounce-vs-per-100g-food.html,article,Individual automated rendered checks; family representative visually reviewed; no individual manual visual claim,Individually authored and source/arithmetic/duplication checked,"Canonical, unique title, main heading, crawlable links, sitemap and metadata checks passed; intent map recorded; no rank claim","Edge and WebKit, light/dark, 320/390/768/1024/1280/1440 rendered checks; representative text sizing and missing-image checks separately recorded",Native details/links and family navigation checks; individual runtime errors and labels checked,Build; internal routes/anchors; labelled controls; duplicate IDs; missing assets; theme; overflow; runtime; family review (see report),"No known blocking layout/runtime failure; source editions, individual manual review, field data and licensing limits in release report"
/percent-daily-value-not-vertical-total.html,article,Individual automated rendered checks; family representative visually reviewed; no individual manual visual claim,Individually authored and source/arithmetic/duplication checked,"Canonical, unique title, main heading, crawlable links, sitemap and metadata checks passed; intent map recorded; no rank claim","Edge and WebKit, light/dark, 320/390/768/1024/1280/1440 rendered checks; representative text sizing and missing-image checks separately recorded",Native details/links and family navigation checks; individual runtime errors and labels checked,Build; internal routes/anchors; labelled controls; duplicate IDs; missing assets; theme; overflow; runtime; family review (see report),"No known blocking layout/runtime failure; source editions, individual manual review, field data and licensing limits in release report"
/percentage-points-vs-percent-food-labels.html,article,Individual automated rendered checks; family representative visually reviewed; no individual manual visual claim,Individually authored and source/arithmetic/duplication checked,"Canonical, unique title, main heading, crawlable links, sitemap and metadata checks passed; intent map recorded; no rank claim","Edge and WebKit, light/dark, 320/390/768/1024/1280/1440 rendered checks; representative text sizing and missing-image checks separately recorded",Native details/links and family navigation checks; individual runtime errors and labels checked,Build; internal routes/anchors; labelled controls; duplicate IDs; missing assets; theme; overflow; runtime; family review (see report),"No known blocking layout/runtime failure; source editions, individual manual review, field data and licensing limits in release report"
/plant-name-not-fiber-number.html,article,Individual automated rendered checks; family representative visually reviewed; no individual manual visual claim,Individually authored and source/arithmetic/duplication checked,"Canonical, unique title, main heading, crawlable links, sitemap and metadata checks passed; intent map recorded; no rank claim","Edge and WebKit, light/dark, 320/390/768/1024/1280/1440 rendered checks; representative text sizing and missing-image checks separately recorded",Native details/links and family navigation checks; individual runtime errors and labels checked,Build; internal routes/anchors; labelled controls; duplicate IDs; missing assets; theme; overflow; runtime; family review (see report),"No known blocking layout/runtime failure; source editions, individual manual review, field data and licensing limits in release report"
/play-bean-balance.html,reference-index,Individual automated rendered checks; family representative visually reviewed; no individual manual visual claim,Contextual family copy review; raw duplicate candidates retained; factual and legal meanings preserved,"Canonical, unique title, main heading, crawlable links, sitemap and metadata checks passed; intent map recorded; no rank claim","Edge and WebKit, light/dark, 320/390/768/1024/1280/1440 rendered checks; representative text sizing and missing-image checks separately recorded",Native details/links and family navigation checks; individual runtime errors and labels checked,Build; internal routes/anchors; labelled controls; duplicate IDs; missing assets; theme; overflow; runtime; family review (see report),"No known blocking layout/runtime failure; source editions, individual manual review, field data and licensing limits in release report"
/play-berry-bounce.html,reference-index,Individual automated rendered checks; family representative visually reviewed; no individual manual visual claim,Contextual family copy review; raw duplicate candidates retained; factual and legal meanings preserved,"Canonical, unique title, main heading, crawlable links, sitemap and metadata checks passed; intent map recorded; no rank claim","Edge and WebKit, light/dark, 320/390/768/1024/1280/1440 rendered checks; representative text sizing and missing-image checks separately recorded",Native details/links and family navigation checks; individual runtime errors and labels checked,Build; internal routes/anchors; labelled controls; duplicate IDs; missing assets; theme; overflow; runtime; family review (see report),"No known blocking layout/runtime failure; source editions, individual manual review, field data and licensing limits in release report"
/play-build-a-plate.html,reference-index,Individual automated rendered checks; family representative visually reviewed; no individual manual visual claim,Contextual family copy review; raw duplicate candidates retained; factual and legal meanings preserved,"Canonical, unique title, main heading, crawlable links, sitemap and metadata checks passed; intent map recorded; no rank claim","Edge and WebKit, light/dark, 320/390/768/1024/1280/1440 rendered checks; representative text sizing and missing-image checks separately recorded",Native details/links and family navigation checks; individual runtime errors and labels checked,Build; internal routes/anchors; labelled controls; duplicate IDs; missing assets; theme; overflow; runtime; family review (see report),"No known blocking layout/runtime failure; source editions, individual manual review, field data and licensing limits in release report"
/play-claim-check.html,reference-index,Individual automated rendered checks; family representative visually reviewed; no individual manual visual claim,Contextual family copy review; raw duplicate candidates retained; factual and legal meanings preserved,"Canonical, unique title, main heading, crawlable links, sitemap and metadata checks passed; intent map recorded; no rank claim","Edge and WebKit, light/dark, 320/390/768/1024/1280/1440 rendered checks; representative text sizing and missing-image checks separately recorded",Native details/links and family navigation checks; individual runtime errors and labels checked,Build; internal routes/anchors; labelled controls; duplicate IDs; missing assets; theme; overflow; runtime; family review (see report),"No known blocking layout/runtime failure; source editions, individual manual review, field data and licensing limits in release report"
/play-description-detective.html,reference-index,Individual automated rendered checks; family representative visually reviewed; no individual manual visual claim,Contextual family copy review; raw duplicate candidates retained; factual and legal meanings preserved,"Canonical, unique title, main heading, crawlable links, sitemap and metadata checks passed; intent map recorded; no rank claim","Edge and WebKit, light/dark, 320/390/768/1024/1280/1440 rendered checks; representative text sizing and missing-image checks separately recorded",Native details/links and family navigation checks; individual runtime errors and labels checked,Build; internal routes/anchors; labelled controls; duplicate IDs; missing assets; theme; overflow; runtime; family review (see report),"No known blocking layout/runtime failure; source editions, individual manual review, field data and licensing limits in release report"
/play-fiber-trail.html,reference-index,Individual automated rendered checks; family representative visually reviewed; no individual manual visual claim,Contextual family copy review; raw duplicate candidates retained; factual and legal meanings preserved,"Canonical, unique title, main heading, crawlable links, sitemap and metadata checks passed; intent map recorded; no rank claim","Edge and WebKit, light/dark, 320/390/768/1024/1280/1440 rendered checks; representative text sizing and missing-image checks separately recorded",Native details/links and family navigation checks; individual runtime errors and labels checked,Build; internal routes/anchors; labelled controls; duplicate IDs; missing assets; theme; overflow; runtime; family review (see report),"No known blocking layout/runtime failure; source editions, individual manual review, field data and licensing limits in release report"
/play-food-crossword.html,reference-index,"Representative screenshot reviewed; full-page or contact-sheet review, not a screen-reader audit",Contextual family copy review; raw duplicate candidates retained; factual and legal meanings preserved,"Canonical, unique title, main heading, crawlable links, sitemap and metadata checks passed; intent map recorded; no rank claim","Edge and WebKit, light/dark, 320/390/768/1024/1280/1440 rendered checks; representative text sizing and missing-image checks separately recorded",Native details/links and family navigation checks; individual runtime errors and labels checked,Build; internal routes/anchors; labelled controls; duplicate IDs; missing assets; theme; overflow; runtime; family review (see report),"No known blocking layout/runtime failure; source editions, individual manual review, field data and licensing limits in release report"
/play-food-factory.html,reference-index,Individual automated rendered checks; family representative visually reviewed; no individual manual visual claim,Contextual family copy review; raw duplicate candidates retained; factual and legal meanings preserved,"Canonical, unique title, main heading, crawlable links, sitemap and metadata checks passed; intent map recorded; no rank claim","Edge and WebKit, light/dark, 320/390/768/1024/1280/1440 rendered checks; representative text sizing and missing-image checks separately recorded",Native details/links and family navigation checks; individual runtime errors and labels checked,Build; internal routes/anchors; labelled controls; duplicate IDs; missing assets; theme; overflow; runtime; family review (see report),"No known blocking layout/runtime failure; source editions, individual manual review, field data and licensing limits in release report"
/play-fruit-catch.html,reference-index,"Representative screenshot reviewed; full-page or contact-sheet review, not a screen-reader audit",Contextual family copy review; raw duplicate candidates retained; factual and legal meanings preserved,"Canonical, unique title, main heading, crawlable links, sitemap and metadata checks passed; intent map recorded; no rank claim","Edge and WebKit, light/dark, 320/390/768/1024/1280/1440 rendered checks; representative text sizing and missing-image checks separately recorded",Native details/links and family navigation checks; individual runtime errors and labels checked,Build; internal routes/anchors; labelled controls; duplicate IDs; missing assets; theme; overflow; runtime; family review (see report),"No known blocking layout/runtime failure; source editions, individual manual review, field data and licensing limits in release report"
/play-garden-glide.html,reference-index,Individual automated rendered checks; family representative visually reviewed; no individual manual visual claim,Contextual family copy review; raw duplicate candidates retained; factual and legal meanings preserved,"Canonical, unique title, main heading, crawlable links, sitemap and metadata checks passed; intent map recorded; no rank claim","Edge and WebKit, light/dark, 320/390/768/1024/1280/1440 rendered checks; representative text sizing and missing-image checks separately recorded",Native details/links and family navigation checks; individual runtime errors and labels checked,Build; internal routes/anchors; labelled controls; duplicate IDs; missing assets; theme; overflow; runtime; family review (see report),"No known blocking layout/runtime failure; source editions, individual manual review, field data and licensing limits in release report"
/play-garden-pipes.html,reference-index,"Representative screenshot reviewed; full-page or contact-sheet review, not a screen-reader audit",Contextual family copy review; raw duplicate candidates retained; factual and legal meanings preserved,"Canonical, unique title, main heading, crawlable links, sitemap and metadata checks passed; intent map recorded; no rank claim","Edge and WebKit, light/dark, 320/390/768/1024/1280/1440 rendered checks; representative text sizing and missing-image checks separately recorded",Native details/links and family navigation checks; individual runtime errors and labels checked,Build; internal routes/anchors; labelled controls; duplicate IDs; missing assets; theme; overflow; runtime; family review (see report),"No known blocking layout/runtime failure; source editions, individual manual review, field data and licensing limits in release report"
/play-harvest-conveyor.html,reference-index,Individual automated rendered checks; family representative visually reviewed; no individual manual visual claim,Contextual family copy review; raw duplicate candidates retained; factual and legal meanings preserved,"Canonical, unique title, main heading, crawlable links, sitemap and metadata checks passed; intent map recorded; no rank claim","Edge and WebKit, light/dark, 320/390/768/1024/1280/1440 rendered checks; representative text sizing and missing-image checks separately recorded",Native details/links and family navigation checks; individual runtime errors and labels checked,Build; internal routes/anchors; labelled controls; duplicate IDs; missing assets; theme; overflow; runtime; family review (see report),"No known blocking layout/runtime failure; source editions, individual manual review, field data and licensing limits in release report"
/play-ingredient-anagrams.html,reference-index,Individual automated rendered checks; family representative visually reviewed; no individual manual visual claim,Contextual family copy review; raw duplicate candidates retained; factual and legal meanings preserved,"Canonical, unique title, main heading, crawlable links, sitemap and metadata checks passed; intent map recorded; no rank claim","Edge and WebKit, light/dark, 320/390/768/1024/1280/1440 rendered checks; representative text sizing and missing-image checks separately recorded",Native details/links and family navigation checks; individual runtime errors and labels checked,Build; internal routes/anchors; labelled controls; duplicate IDs; missing assets; theme; overflow; runtime; family review (see report),"No known blocking layout/runtime failure; source editions, individual manual review, field data and licensing limits in release report"
/play-ingredient-order.html,reference-index,Individual automated rendered checks; family representative visually reviewed; no individual manual visual claim,Contextual family copy review; raw duplicate candidates retained; factual and legal meanings preserved,"Canonical, unique title, main heading, crawlable links, sitemap and metadata checks passed; intent map recorded; no rank claim","Edge and WebKit, light/dark, 320/390/768/1024/1280/1440 rendered checks; representative text sizing and missing-image checks separately recorded",Native details/links and family navigation checks; individual runtime errors and labels checked,Build; internal routes/anchors; labelled controls; duplicate IDs; missing assets; theme; overflow; runtime; family review (see report),"No known blocking layout/runtime failure; source editions, individual manual review, field data and licensing limits in release report"
/play-kitchen-connections.html,reference-index,Individual automated rendered checks; family representative visually reviewed; no individual manual visual claim,Contextual family copy review; raw duplicate candidates retained; factual and legal meanings preserved,"Canonical, unique title, main heading, crawlable links, sitemap and metadata checks passed; intent map recorded; no rank claim","Edge and WebKit, light/dark, 320/390/768/1024/1280/1440 rendered checks; representative text sizing and missing-image checks separately recorded",Native details/links and family navigation checks; individual runtime errors and labels checked,Build; internal routes/anchors; labelled controls; duplicate IDs; missing assets; theme; overflow; runtime; family review (see report),"No known blocking layout/runtime failure; source editions, individual manual review, field data and licensing limits in release report"
/play-kitchen-rhythm.html,reference-index,Individual automated rendered checks; family representative visually reviewed; no individual manual visual claim,Contextual family copy review; raw duplicate candidates retained; factual and legal meanings preserved,"Canonical, unique title, main heading, crawlable links, sitemap and metadata checks passed; intent map recorded; no rank claim","Edge and WebKit, light/dark, 320/390/768/1024/1280/1440 rendered checks; representative text sizing and missing-image checks separately recorded",Native details/links and family navigation checks; individual runtime errors and labels checked,Build; internal routes/anchors; labelled controls; duplicate IDs; missing assets; theme; overflow; runtime; family review (see report),"No known blocking layout/runtime failure; source editions, individual manual review, field data and licensing limits in release report"
/play-label-matchmaker.html,reference-index,Individual automated rendered checks; family representative visually reviewed; no individual manual visual claim,Contextual family copy review; raw duplicate candidates retained; factual and legal meanings preserved,"Canonical, unique title, main heading, crawlable links, sitemap and metadata checks passed; intent map recorded; no rank claim","Edge and WebKit, light/dark, 320/390/768/1024/1280/1440 rendered checks; representative text sizing and missing-image checks separately recorded",Native details/links and family navigation checks; individual runtime errors and labels checked,Build; internal routes/anchors; labelled controls; duplicate IDs; missing assets; theme; overflow; runtime; family review (see report),"No known blocking layout/runtime failure; source editions, individual manual review, field data and licensing limits in release report"
/play-lunchbox-logic.html,reference-index,Individual automated rendered checks; family representative visually reviewed; no individual manual visual claim,Contextual family copy review; raw duplicate candidates retained; factual and legal meanings preserved,"Canonical, unique title, main heading, crawlable links, sitemap and metadata checks passed; intent map recorded; no rank claim","Edge and WebKit, light/dark, 320/390/768/1024/1280/1440 rendered checks; representative text sizing and missing-image checks separately recorded",Native details/links and family navigation checks; individual runtime errors and labels checked,Build; internal routes/anchors; labelled controls; duplicate IDs; missing assets; theme; overflow; runtime; family review (see report),"No known blocking layout/runtime failure; source editions, individual manual review, field data and licensing limits in release report"
/play-macro-grid.html,reference-index,"Representative screenshot reviewed; full-page or contact-sheet review, not a screen-reader audit",Contextual family copy review; raw duplicate candidates retained; factual and legal meanings preserved,"Canonical, unique title, main heading, crawlable links, sitemap and metadata checks passed; intent map recorded; no rank claim","Edge and WebKit, light/dark, 320/390/768/1024/1280/1440 rendered checks; representative text sizing and missing-image checks separately recorded",Native details/links and family navigation checks; individual runtime errors and labels checked,Build; internal routes/anchors; labelled controls; duplicate IDs; missing assets; theme; overflow; runtime; family review (see report),"No known blocking layout/runtime failure; source editions, individual manual review, field data and licensing limits in release report"
/play-market-budget.html,reference-index,Individual automated rendered checks; family representative visually reviewed; no individual manual visual claim,Contextual family copy review; raw duplicate candidates retained; factual and legal meanings preserved,"Canonical, unique title, main heading, crawlable links, sitemap and metadata checks passed; intent map recorded; no rank claim","Edge and WebKit, light/dark, 320/390/768/1024/1280/1440 rendered checks; representative text sizing and missing-image checks separately recorded",Native details/links and family navigation checks; individual runtime errors and labels checked,Build; internal routes/anchors; labelled controls; duplicate IDs; missing assets; theme; overflow; runtime; family review (see report),"No known blocking layout/runtime failure; source editions, individual manual review, field data and licensing limits in release report"
/play-market-memory.html,reference-index,"Representative screenshot reviewed; full-page or contact-sheet review, not a screen-reader audit",Contextual family copy review; raw duplicate candidates retained; factual and legal meanings preserved,"Canonical, unique title, main heading, crawlable links, sitemap and metadata checks passed; intent map recorded; no rank claim","Edge and WebKit, light/dark, 320/390/768/1024/1280/1440 rendered checks; representative text sizing and missing-image checks separately recorded",Native details/links and family navigation checks; individual runtime errors and labels checked,Build; internal routes/anchors; labelled controls; duplicate IDs; missing assets; theme; overflow; runtime; family review (see report),"No known blocking layout/runtime failure; source editions, individual manual review, field data and licensing limits in release report"
/play-mascot-maker.html,reference-index,"Representative screenshot reviewed; full-page or contact-sheet review, not a screen-reader audit",Contextual family copy review; raw duplicate candidates retained; factual and legal meanings preserved,"Canonical, unique title, main heading, crawlable links, sitemap and metadata checks passed; intent map recorded; no rank claim","Edge and WebKit, light/dark, 320/390/768/1024/1280/1440 rendered checks; representative text sizing and missing-image checks separately recorded",Native details/links and family navigation checks; individual runtime errors and labels checked,Build; internal routes/anchors; labelled controls; duplicate IDs; missing assets; theme; overflow; runtime; family review (see report),"No known blocking layout/runtime failure; source editions, individual manual review, field data and licensing limits in release report"
/play-menu-mystery.html,reference-index,Individual automated rendered checks; family representative visually reviewed; no individual manual visual claim,Contextual family copy review; raw duplicate candidates retained; factual and legal meanings preserved,"Canonical, unique title, main heading, crawlable links, sitemap and metadata checks passed; intent map recorded; no rank claim","Edge and WebKit, light/dark, 320/390/768/1024/1280/1440 rendered checks; representative text sizing and missing-image checks separately recorded",Native details/links and family navigation checks; individual runtime errors and labels checked,Build; internal routes/anchors; labelled controls; duplicate IDs; missing assets; theme; overflow; runtime; family review (see report),"No known blocking layout/runtime failure; source editions, individual manual review, field data and licensing limits in release report"
/play-menu-word-hunt.html,reference-index,Individual automated rendered checks; family representative visually reviewed; no individual manual visual claim,Contextual family copy review; raw duplicate candidates retained; factual and legal meanings preserved,"Canonical, unique title, main heading, crawlable links, sitemap and metadata checks passed; intent map recorded; no rank claim","Edge and WebKit, light/dark, 320/390/768/1024/1280/1440 rendered checks; representative text sizing and missing-image checks separately recorded",Native details/links and family navigation checks; individual runtime errors and labels checked,Build; internal routes/anchors; labelled controls; duplicate IDs; missing assets; theme; overflow; runtime; family review (see report),"No known blocking layout/runtime failure; source editions, individual manual review, field data and licensing limits in release report"
/play-missing-number-kitchen.html,reference-index,Individual automated rendered checks; family representative visually reviewed; no individual manual visual claim,Contextual family copy review; raw duplicate candidates retained; factual and legal meanings preserved,"Canonical, unique title, main heading, crawlable links, sitemap and metadata checks passed; intent map recorded; no rank claim","Edge and WebKit, light/dark, 320/390/768/1024/1280/1440 rendered checks; representative text sizing and missing-image checks separately recorded",Native details/links and family navigation checks; individual runtime errors and labels checked,Build; internal routes/anchors; labelled controls; duplicate IDs; missing assets; theme; overflow; runtime; family review (see report),"No known blocking layout/runtime failure; source editions, individual manual review, field data and licensing limits in release report"
/play-nutrition-term-match.html,reference-index,Individual automated rendered checks; family representative visually reviewed; no individual manual visual claim,Contextual family copy review; raw duplicate candidates retained; factual and legal meanings preserved,"Canonical, unique title, main heading, crawlable links, sitemap and metadata checks passed; intent map recorded; no rank claim","Edge and WebKit, light/dark, 320/390/768/1024/1280/1440 rendered checks; representative text sizing and missing-image checks separately recorded",Native details/links and family navigation checks; individual runtime errors and labels checked,Build; internal routes/anchors; labelled controls; duplicate IDs; missing assets; theme; overflow; runtime; family review (see report),"No known blocking layout/runtime failure; source editions, individual manual review, field data and licensing limits in release report"
/play-odd-ingredient-out.html,reference-index,Individual automated rendered checks; family representative visually reviewed; no individual manual visual claim,Contextual family copy review; raw duplicate candidates retained; factual and legal meanings preserved,"Canonical, unique title, main heading, crawlable links, sitemap and metadata checks passed; intent map recorded; no rank claim","Edge and WebKit, light/dark, 320/390/768/1024/1280/1440 rendered checks; representative text sizing and missing-image checks separately recorded",Native details/links and family navigation checks; individual runtime errors and labels checked,Build; internal routes/anchors; labelled controls; duplicate IDs; missing assets; theme; overflow; runtime; family review (see report),"No known blocking layout/runtime failure; source editions, individual manual review, field data and licensing limits in release report"
/play-orange-orbit.html,reference-index,Individual automated rendered checks; family representative visually reviewed; no individual manual visual claim,Contextual family copy review; raw duplicate candidates retained; factual and legal meanings preserved,"Canonical, unique title, main heading, crawlable links, sitemap and metadata checks passed; intent map recorded; no rank claim","Edge and WebKit, light/dark, 320/390/768/1024/1280/1440 rendered checks; representative text sizing and missing-image checks separately recorded",Native details/links and family navigation checks; individual runtime errors and labels checked,Build; internal routes/anchors; labelled controls; duplicate IDs; missing assets; theme; overflow; runtime; family review (see report),"No known blocking layout/runtime failure; source editions, individual manual review, field data and licensing limits in release report"
/play-orchard-nonogram.html,reference-index,Individual automated rendered checks; family representative visually reviewed; no individual manual visual claim,Contextual family copy review; raw duplicate candidates retained; factual and legal meanings preserved,"Canonical, unique title, main heading, crawlable links, sitemap and metadata checks passed; intent map recorded; no rank claim","Edge and WebKit, light/dark, 320/390/768/1024/1280/1440 rendered checks; representative text sizing and missing-image checks separately recorded",Native details/links and family navigation checks; individual runtime errors and labels checked,Build; internal routes/anchors; labelled controls; duplicate IDs; missing assets; theme; overflow; runtime; family review (see report),"No known blocking layout/runtime failure; source editions, individual manual review, field data and licensing limits in release report"
/play-order-recall.html,reference-index,Individual automated rendered checks; family representative visually reviewed; no individual manual visual claim,Contextual family copy review; raw duplicate candidates retained; factual and legal meanings preserved,"Canonical, unique title, main heading, crawlable links, sitemap and metadata checks passed; intent map recorded; no rank claim","Edge and WebKit, light/dark, 320/390/768/1024/1280/1440 rendered checks; representative text sizing and missing-image checks separately recorded",Native details/links and family navigation checks; individual runtime errors and labels checked,Build; internal routes/anchors; labelled controls; duplicate IDs; missing assets; theme; overflow; runtime; family review (see report),"No known blocking layout/runtime failure; source editions, individual manual review, field data and licensing limits in release report"
/play-pantry-pack.html,reference-index,"Representative screenshot reviewed; full-page or contact-sheet review, not a screen-reader audit",Contextual family copy review; raw duplicate candidates retained; factual and legal meanings preserved,"Canonical, unique title, main heading, crawlable links, sitemap and metadata checks passed; intent map recorded; no rank claim","Edge and WebKit, light/dark, 320/390/768/1024/1280/1440 rendered checks; representative text sizing and missing-image checks separately recorded",Native details/links and family navigation checks; individual runtime errors and labels checked,Build; internal routes/anchors; labelled controls; duplicate IDs; missing assets; theme; overflow; runtime; family review (see report),"No known blocking layout/runtime failure; source editions, individual manual review, field data and licensing limits in release report"
/play-pantry-peek.html,reference-index,Individual automated rendered checks; family representative visually reviewed; no individual manual visual claim,Contextual family copy review; raw duplicate candidates retained; factual and legal meanings preserved,"Canonical, unique title, main heading, crawlable links, sitemap and metadata checks passed; intent map recorded; no rank claim","Edge and WebKit, light/dark, 320/390/768/1024/1280/1440 rendered checks; representative text sizing and missing-image checks separately recorded",Native details/links and family navigation checks; individual runtime errors and labels checked,Build; internal routes/anchors; labelled controls; duplicate IDs; missing assets; theme; overflow; runtime; family review (see report),"No known blocking layout/runtime failure; source editions, individual manual review, field data and licensing limits in release report"
/play-picnic-delivery.html,reference-index,Individual automated rendered checks; family representative visually reviewed; no individual manual visual claim,Contextual family copy review; raw duplicate candidates retained; factual and legal meanings preserved,"Canonical, unique title, main heading, crawlable links, sitemap and metadata checks passed; intent map recorded; no rank claim","Edge and WebKit, light/dark, 320/390/768/1024/1280/1440 rendered checks; representative text sizing and missing-image checks separately recorded",Native details/links and family navigation checks; individual runtime errors and labels checked,Build; internal routes/anchors; labelled controls; duplicate IDs; missing assets; theme; overflow; runtime; family review (see report),"No known blocking layout/runtime failure; source editions, individual manual review, field data and licensing limits in release report"
/play-picnic-planner.html,reference-index,Individual automated rendered checks; family representative visually reviewed; no individual manual visual claim,Contextual family copy review; raw duplicate candidates retained; factual and legal meanings preserved,"Canonical, unique title, main heading, crawlable links, sitemap and metadata checks passed; intent map recorded; no rank claim","Edge and WebKit, light/dark, 320/390/768/1024/1280/1440 rendered checks; representative text sizing and missing-image checks separately recorded",Native details/links and family navigation checks; individual runtime errors and labels checked,Build; internal routes/anchors; labelled controls; duplicate IDs; missing assets; theme; overflow; runtime; family review (see report),"No known blocking layout/runtime failure; source editions, individual manual review, field data and licensing limits in release report"
/play-plate-art.html,reference-index,Individual automated rendered checks; family representative visually reviewed; no individual manual visual claim,Contextual family copy review; raw duplicate candidates retained; factual and legal meanings preserved,"Canonical, unique title, main heading, crawlable links, sitemap and metadata checks passed; intent map recorded; no rank claim","Edge and WebKit, light/dark, 320/390/768/1024/1280/1440 rendered checks; representative text sizing and missing-image checks separately recorded",Native details/links and family navigation checks; individual runtime errors and labels checked,Build; internal routes/anchors; labelled controls; duplicate IDs; missing assets; theme; overflow; runtime; family review (see report),"No known blocking layout/runtime failure; source editions, individual manual review, field data and licensing limits in release report"
/play-portion-balance.html,reference-index,Individual automated rendered checks; family representative visually reviewed; no individual manual visual claim,Contextual family copy review; raw duplicate candidates retained; factual and legal meanings preserved,"Canonical, unique title, main heading, crawlable links, sitemap and metadata checks passed; intent map recorded; no rank claim","Edge and WebKit, light/dark, 320/390/768/1024/1280/1440 rendered checks; representative text sizing and missing-image checks separately recorded",Native details/links and family navigation checks; individual runtime errors and labels checked,Build; internal routes/anchors; labelled controls; duplicate IDs; missing assets; theme; overflow; runtime; family review (see report),"No known blocking layout/runtime failure; source editions, individual manual review, field data and licensing limits in release report"
/play-portion-fractions.html,reference-index,Individual automated rendered checks; family representative visually reviewed; no individual manual visual claim,Contextual family copy review; raw duplicate candidates retained; factual and legal meanings preserved,"Canonical, unique title, main heading, crawlable links, sitemap and metadata checks passed; intent map recorded; no rank claim","Edge and WebKit, light/dark, 320/390/768/1024/1280/1440 rendered checks; representative text sizing and missing-image checks separately recorded",Native details/links and family navigation checks; individual runtime errors and labels checked,Build; internal routes/anchors; labelled controls; duplicate IDs; missing assets; theme; overflow; runtime; family review (see report),"No known blocking layout/runtime failure; source editions, individual manual review, field data and licensing limits in release report"
/play-protein-target-puzzle.html,reference-index,Individual automated rendered checks; family representative visually reviewed; no individual manual visual claim,Contextual family copy review; raw duplicate candidates retained; factual and legal meanings preserved,"Canonical, unique title, main heading, crawlable links, sitemap and metadata checks passed; intent map recorded; no rank claim","Edge and WebKit, light/dark, 320/390/768/1024/1280/1440 rendered checks; representative text sizing and missing-image checks separately recorded",Native details/links and family navigation checks; individual runtime errors and labels checked,Build; internal routes/anchors; labelled controls; duplicate IDs; missing assets; theme; overflow; runtime; family review (see report),"No known blocking layout/runtime failure; source editions, individual manual review, field data and licensing limits in release report"
/play-range-finder.html,reference-index,Individual automated rendered checks; family representative visually reviewed; no individual manual visual claim,Contextual family copy review; raw duplicate candidates retained; factual and legal meanings preserved,"Canonical, unique title, main heading, crawlable links, sitemap and metadata checks passed; intent map recorded; no rank claim","Edge and WebKit, light/dark, 320/390/768/1024/1280/1440 rendered checks; representative text sizing and missing-image checks separately recorded",Native details/links and family navigation checks; individual runtime errors and labels checked,Build; internal routes/anchors; labelled controls; duplicate IDs; missing assets; theme; overflow; runtime; family review (see report),"No known blocking layout/runtime failure; source editions, individual manual review, field data and licensing limits in release report"
/play-recipe-dominoes.html,reference-index,Individual automated rendered checks; family representative visually reviewed; no individual manual visual claim,Contextual family copy review; raw duplicate candidates retained; factual and legal meanings preserved,"Canonical, unique title, main heading, crawlable links, sitemap and metadata checks passed; intent map recorded; no rank claim","Edge and WebKit, light/dark, 320/390/768/1024/1280/1440 rendered checks; representative text sizing and missing-image checks separately recorded",Native details/links and family navigation checks; individual runtime errors and labels checked,Build; internal routes/anchors; labelled controls; duplicate IDs; missing assets; theme; overflow; runtime; family review (see report),"No known blocking layout/runtime failure; source editions, individual manual review, field data and licensing limits in release report"
/play-recipe-path.html,reference-index,Individual automated rendered checks; family representative visually reviewed; no individual manual visual claim,Contextual family copy review; raw duplicate candidates retained; factual and legal meanings preserved,"Canonical, unique title, main heading, crawlable links, sitemap and metadata checks passed; intent map recorded; no rank claim","Edge and WebKit, light/dark, 320/390/768/1024/1280/1440 rendered checks; representative text sizing and missing-image checks separately recorded",Native details/links and family navigation checks; individual runtime errors and labels checked,Build; internal routes/anchors; labelled controls; duplicate IDs; missing assets; theme; overflow; runtime; family review (see report),"No known blocking layout/runtime failure; source editions, individual manual review, field data and licensing limits in release report"
/play-recipe-remix.html,reference-index,Individual automated rendered checks; family representative visually reviewed; no individual manual visual claim,Contextual family copy review; raw duplicate candidates retained; factual and legal meanings preserved,"Canonical, unique title, main heading, crawlable links, sitemap and metadata checks passed; intent map recorded; no rank claim","Edge and WebKit, light/dark, 320/390/768/1024/1280/1440 rendered checks; representative text sizing and missing-image checks separately recorded",Native details/links and family navigation checks; individual runtime errors and labels checked,Build; internal routes/anchors; labelled controls; duplicate IDs; missing assets; theme; overflow; runtime; family review (see report),"No known blocking layout/runtime failure; source editions, individual manual review, field data and licensing limits in release report"
/play-restaurant-order-builder.html,reference-index,Individual automated rendered checks; family representative visually reviewed; no individual manual visual claim,Contextual family copy review; raw duplicate candidates retained; factual and legal meanings preserved,"Canonical, unique title, main heading, crawlable links, sitemap and metadata checks passed; intent map recorded; no rank claim","Edge and WebKit, light/dark, 320/390/768/1024/1280/1440 rendered checks; representative text sizing and missing-image checks separately recorded",Native details/links and family navigation checks; individual runtime errors and labels checked,Build; internal routes/anchors; labelled controls; duplicate IDs; missing assets; theme; overflow; runtime; family review (see report),"No known blocking layout/runtime failure; source editions, individual manual review, field data and licensing limits in release report"
/play-restaurant-route.html,reference-index,Individual automated rendered checks; family representative visually reviewed; no individual manual visual claim,Contextual family copy review; raw duplicate candidates retained; factual and legal meanings preserved,"Canonical, unique title, main heading, crawlable links, sitemap and metadata checks passed; intent map recorded; no rank claim","Edge and WebKit, light/dark, 320/390/768/1024/1280/1440 rendered checks; representative text sizing and missing-image checks separately recorded",Native details/links and family navigation checks; individual runtime errors and labels checked,Build; internal routes/anchors; labelled controls; duplicate IDs; missing assets; theme; overflow; runtime; family review (see report),"No known blocking layout/runtime failure; source editions, individual manual review, field data and licensing limits in release report"
/play-rounding-room.html,reference-index,Individual automated rendered checks; family representative visually reviewed; no individual manual visual claim,Contextual family copy review; raw duplicate candidates retained; factual and legal meanings preserved,"Canonical, unique title, main heading, crawlable links, sitemap and metadata checks passed; intent map recorded; no rank claim","Edge and WebKit, light/dark, 320/390/768/1024/1280/1440 rendered checks; representative text sizing and missing-image checks separately recorded",Native details/links and family navigation checks; individual runtime errors and labels checked,Build; internal routes/anchors; labelled controls; duplicate IDs; missing assets; theme; overflow; runtime; family review (see report),"No known blocking layout/runtime failure; source editions, individual manual review, field data and licensing limits in release report"
/play-sandwich-architect.html,reference-index,Individual automated rendered checks; family representative visually reviewed; no individual manual visual claim,Contextual family copy review; raw duplicate candidates retained; factual and legal meanings preserved,"Canonical, unique title, main heading, crawlable links, sitemap and metadata checks passed; intent map recorded; no rank claim","Edge and WebKit, light/dark, 320/390/768/1024/1280/1440 rendered checks; representative text sizing and missing-image checks separately recorded",Native details/links and family navigation checks; individual runtime errors and labels checked,Build; internal routes/anchors; labelled controls; duplicate IDs; missing assets; theme; overflow; runtime; family review (see report),"No known blocking layout/runtime failure; source editions, individual manual review, field data and licensing limits in release report"
/play-sequence-chef.html,reference-index,Individual automated rendered checks; family representative visually reviewed; no individual manual visual claim,Contextual family copy review; raw duplicate candidates retained; factual and legal meanings preserved,"Canonical, unique title, main heading, crawlable links, sitemap and metadata checks passed; intent map recorded; no rank claim","Edge and WebKit, light/dark, 320/390/768/1024/1280/1440 rendered checks; representative text sizing and missing-image checks separately recorded",Native details/links and family navigation checks; individual runtime errors and labels checked,Build; internal routes/anchors; labelled controls; duplicate IDs; missing assets; theme; overflow; runtime; family review (see report),"No known blocking layout/runtime failure; source editions, individual manual review, field data and licensing limits in release report"
/play-serving-size-detective.html,reference-index,"Representative screenshot reviewed; full-page or contact-sheet review, not a screen-reader audit",Contextual family copy review; raw duplicate candidates retained; factual and legal meanings preserved,"Canonical, unique title, main heading, crawlable links, sitemap and metadata checks passed; intent map recorded; no rank claim","Edge and WebKit, light/dark, 320/390/768/1024/1280/1440 rendered checks; representative text sizing and missing-image checks separately recorded",Native details/links and family navigation checks; individual runtime errors and labels checked,Build; internal routes/anchors; labelled controls; duplicate IDs; missing assets; theme; overflow; runtime; family review (see report),"No known blocking layout/runtime failure; source editions, individual manual review, field data and licensing limits in release report"
/play-silhouette-supper.html,reference-index,Individual automated rendered checks; family representative visually reviewed; no individual manual visual claim,Contextual family copy review; raw duplicate candidates retained; factual and legal meanings preserved,"Canonical, unique title, main heading, crawlable links, sitemap and metadata checks passed; intent map recorded; no rank claim","Edge and WebKit, light/dark, 320/390/768/1024/1280/1440 rendered checks; representative text sizing and missing-image checks separately recorded",Native details/links and family navigation checks; individual runtime errors and labels checked,Build; internal routes/anchors; labelled controls; duplicate IDs; missing assets; theme; overflow; runtime; family review (see report),"No known blocking layout/runtime failure; source editions, individual manual review, field data and licensing limits in release report"
/play-smoothie-studio.html,reference-index,Individual automated rendered checks; family representative visually reviewed; no individual manual visual claim,Contextual family copy review; raw duplicate candidates retained; factual and legal meanings preserved,"Canonical, unique title, main heading, crawlable links, sitemap and metadata checks passed; intent map recorded; no rank claim","Edge and WebKit, light/dark, 320/390/768/1024/1280/1440 rendered checks; representative text sizing and missing-image checks separately recorded",Native details/links and family navigation checks; individual runtime errors and labels checked,Build; internal routes/anchors; labelled controls; duplicate IDs; missing assets; theme; overflow; runtime; family review (see report),"No known blocking layout/runtime failure; source editions, individual manual review, field data and licensing limits in release report"
/play-snack-slide.html,reference-index,Individual automated rendered checks; family representative visually reviewed; no individual manual visual claim,Contextual family copy review; raw duplicate candidates retained; factual and legal meanings preserved,"Canonical, unique title, main heading, crawlable links, sitemap and metadata checks passed; intent map recorded; no rank claim","Edge and WebKit, light/dark, 320/390/768/1024/1280/1440 rendered checks; representative text sizing and missing-image checks separately recorded",Native details/links and family navigation checks; individual runtime errors and labels checked,Build; internal routes/anchors; labelled controls; duplicate IDs; missing assets; theme; overflow; runtime; family review (see report),"No known blocking layout/runtime failure; source editions, individual manual review, field data and licensing limits in release report"
/play-sodium-sort.html,reference-index,Individual automated rendered checks; family representative visually reviewed; no individual manual visual claim,Contextual family copy review; raw duplicate candidates retained; factual and legal meanings preserved,"Canonical, unique title, main heading, crawlable links, sitemap and metadata checks passed; intent map recorded; no rank claim","Edge and WebKit, light/dark, 320/390/768/1024/1280/1440 rendered checks; representative text sizing and missing-image checks separately recorded",Native details/links and family navigation checks; individual runtime errors and labels checked,Build; internal routes/anchors; labelled controls; duplicate IDs; missing assets; theme; overflow; runtime; family review (see report),"No known blocking layout/runtime failure; source editions, individual manual review, field data and licensing limits in release report"
/play-source-sleuth.html,reference-index,Individual automated rendered checks; family representative visually reviewed; no individual manual visual claim,Contextual family copy review; raw duplicate candidates retained; factual and legal meanings preserved,"Canonical, unique title, main heading, crawlable links, sitemap and metadata checks passed; intent map recorded; no rank claim","Edge and WebKit, light/dark, 320/390/768/1024/1280/1440 rendered checks; representative text sizing and missing-image checks separately recorded",Native details/links and family navigation checks; individual runtime errors and labels checked,Build; internal routes/anchors; labelled controls; duplicate IDs; missing assets; theme; overflow; runtime; family review (see report),"No known blocking layout/runtime failure; source editions, individual manual review, field data and licensing limits in release report"
/play-spot-the-swap.html,reference-index,Individual automated rendered checks; family representative visually reviewed; no individual manual visual claim,Contextual family copy review; raw duplicate candidates retained; factual and legal meanings preserved,"Canonical, unique title, main heading, crawlable links, sitemap and metadata checks passed; intent map recorded; no rank claim","Edge and WebKit, light/dark, 320/390/768/1024/1280/1440 rendered checks; representative text sizing and missing-image checks separately recorded",Native details/links and family navigation checks; individual runtime errors and labels checked,Build; internal routes/anchors; labelled controls; duplicate IDs; missing assets; theme; overflow; runtime; family review (see report),"No known blocking layout/runtime failure; source editions, individual manual review, field data and licensing limits in release report"
/play-tabletop-tangram.html,reference-index,Individual automated rendered checks; family representative visually reviewed; no individual manual visual claim,Contextual family copy review; raw duplicate candidates retained; factual and legal meanings preserved,"Canonical, unique title, main heading, crawlable links, sitemap and metadata checks passed; intent map recorded; no rank claim","Edge and WebKit, light/dark, 320/390/768/1024/1280/1440 rendered checks; representative text sizing and missing-image checks separately recorded",Native details/links and family navigation checks; individual runtime errors and labels checked,Build; internal routes/anchors; labelled controls; duplicate IDs; missing assets; theme; overflow; runtime; family review (see report),"No known blocking layout/runtime failure; source editions, individual manual review, field data and licensing limits in release report"
/play-trade-off-table.html,reference-index,Individual automated rendered checks; family representative visually reviewed; no individual manual visual claim,Contextual family copy review; raw duplicate candidates retained; factual and legal meanings preserved,"Canonical, unique title, main heading, crawlable links, sitemap and metadata checks passed; intent map recorded; no rank claim","Edge and WebKit, light/dark, 320/390/768/1024/1280/1440 rendered checks; representative text sizing and missing-image checks separately recorded",Native details/links and family navigation checks; individual runtime errors and labels checked,Build; internal routes/anchors; labelled controls; duplicate IDs; missing assets; theme; overflow; runtime; family review (see report),"No known blocking layout/runtime failure; source editions, individual manual review, field data and licensing limits in release report"
/play.html,play-directory,"Representative screenshot reviewed; full-page or contact-sheet review, not a screen-reader audit",Contextual family copy review; raw duplicate candidates retained; factual and legal meanings preserved,"Canonical, unique title, main heading, crawlable links, sitemap and metadata checks passed; intent map recorded; no rank claim","Edge and WebKit, light/dark, 320/390/768/1024/1280/1440 rendered checks; representative text sizing and missing-image checks separately recorded",8 cross-theme/engine/mobile/desktop core journeys; 12 feature configurations; games additionally solved in 224 browser runs,Build; internal routes/anchors; labelled controls; duplicate IDs; missing assets; theme; overflow; runtime; family review (see report),"No known blocking layout/runtime failure; source editions, individual manual review, field data and licensing limits in release report"
/popeyes-healthy-meals-macros.html,restaurant,Individual automated rendered checks; family representative visually reviewed; no individual manual visual claim,Contextual family copy review; raw duplicate candidates retained; factual and legal meanings preserved,"Canonical, unique title, main heading, crawlable links, sitemap and metadata checks passed; intent map recorded; no rank claim","Edge and WebKit, light/dark, 320/390/768/1024/1280/1440 rendered checks; representative text sizing and missing-image checks separately recorded",Native details/links and family navigation checks; individual runtime errors and labels checked,Build; internal routes/anchors; labelled controls; duplicate IDs; missing assets; theme; overflow; runtime; family review (see report),"No known blocking layout/runtime failure; source editions, individual manual review, field data and licensing limits in release report"
/portion-ratio-vs-percent-change.html,article,Individual automated rendered checks; family representative visually reviewed; no individual manual visual claim,Individually authored and source/arithmetic/duplication checked,"Canonical, unique title, main heading, crawlable links, sitemap and metadata checks passed; intent map recorded; no rank claim","Edge and WebKit, light/dark, 320/390/768/1024/1280/1440 rendered checks; representative text sizing and missing-image checks separately recorded",Native details/links and family navigation checks; individual runtime errors and labels checked,Build; internal routes/anchors; labelled controls; duplicate IDs; missing assets; theme; overflow; runtime; family review (see report),"No known blocking layout/runtime failure; source editions, individual manual review, field data and licensing limits in release report"
/privacy.html,legal,"Representative screenshot reviewed; full-page or contact-sheet review, not a screen-reader audit",Contextual family copy review; raw duplicate candidates retained; factual and legal meanings preserved,"Canonical, unique title, main heading, crawlable links, sitemap and metadata checks passed; intent map recorded; no rank claim","Edge and WebKit, light/dark, 320/390/768/1024/1280/1440 rendered checks; representative text sizing and missing-image checks separately recorded",Native details/links and family navigation checks; individual runtime errors and labels checked,Build; internal routes/anchors; labelled controls; duplicate IDs; missing assets; theme; overflow; runtime; family review (see report),"No known blocking layout/runtime failure; source editions, individual manual review, field data and licensing limits in release report"
/protein-chicken-sandwich-size-cross-chain.html,article,Individual automated rendered checks; family representative visually reviewed; no individual manual visual claim,Individually authored and source/arithmetic/duplication checked,"Canonical, unique title, main heading, crawlable links, sitemap and metadata checks passed; intent map recorded; no rank claim","Edge and WebKit, light/dark, 320/390/768/1024/1280/1440 rendered checks; representative text sizing and missing-image checks separately recorded",Native details/links and family navigation checks; individual runtime errors and labels checked,Build; internal routes/anchors; labelled controls; duplicate IDs; missing assets; theme; overflow; runtime; family review (see report),"No known blocking layout/runtime failure; source editions, individual manual review, field data and licensing limits in release report"
/protein-cost-currency-comparison.html,article,Individual automated rendered checks; family representative visually reviewed; no individual manual visual claim,Individually authored and source/arithmetic/duplication checked,"Canonical, unique title, main heading, crawlable links, sitemap and metadata checks passed; intent map recorded; no rank claim","Edge and WebKit, light/dark, 320/390/768/1024/1280/1440 rendered checks; representative text sizing and missing-image checks separately recorded",Native details/links and family navigation checks; individual runtime errors and labels checked,Build; internal routes/anchors; labelled controls; duplicate IDs; missing assets; theme; overflow; runtime; family review (see report),"No known blocking layout/runtime failure; source editions, individual manual review, field data and licensing limits in release report"
/protein-cost-food-waste.html,article,Individual automated rendered checks; family representative visually reviewed; no individual manual visual claim,Contextual family copy review; raw duplicate candidates retained; factual and legal meanings preserved,"Canonical, unique title, main heading, crawlable links, sitemap and metadata checks passed; intent map recorded; no rank claim","Edge and WebKit, light/dark, 320/390/768/1024/1280/1440 rendered checks; representative text sizing and missing-image checks separately recorded",Native details/links and family navigation checks; individual runtime errors and labels checked,Build; internal routes/anchors; labelled controls; duplicate IDs; missing assets; theme; overflow; runtime; family review (see report),"No known blocking layout/runtime failure; source editions, individual manual review, field data and licensing limits in release report"
/protein-cost-pack-size-minimum-spend.html,article,Individual automated rendered checks; family representative visually reviewed; no individual manual visual claim,Individually authored and source/arithmetic/duplication checked,"Canonical, unique title, main heading, crawlable links, sitemap and metadata checks passed; intent map recorded; no rank claim","Edge and WebKit, light/dark, 320/390/768/1024/1280/1440 rendered checks; representative text sizing and missing-image checks separately recorded",Native details/links and family navigation checks; individual runtime errors and labels checked,Build; internal routes/anchors; labelled controls; duplicate IDs; missing assets; theme; overflow; runtime; family review (see report),"No known blocking layout/runtime failure; source editions, individual manual review, field data and licensing limits in release report"
/protein-density-fast-food.html,article,Individual automated rendered checks; family representative visually reviewed; no individual manual visual claim,Contextual family copy review; raw duplicate candidates retained; factual and legal meanings preserved,"Canonical, unique title, main heading, crawlable links, sitemap and metadata checks passed; intent map recorded; no rank claim","Edge and WebKit, light/dark, 320/390/768/1024/1280/1440 rendered checks; representative text sizing and missing-image checks separately recorded",Native details/links and family navigation checks; individual runtime errors and labels checked,Build; internal routes/anchors; labelled controls; duplicate IDs; missing assets; theme; overflow; runtime; family review (see report),"No known blocking layout/runtime failure; source editions, individual manual review, field data and licensing limits in release report"
/protein-label-blank-daily-value.html,article,Individual automated rendered checks; family representative visually reviewed; no individual manual visual claim,Individually authored and source/arithmetic/duplication checked,"Canonical, unique title, main heading, crawlable links, sitemap and metadata checks passed; intent map recorded; no rank claim","Edge and WebKit, light/dark, 320/390/768/1024/1280/1440 rendered checks; representative text sizing and missing-image checks separately recorded",Native details/links and family navigation checks; individual runtime errors and labels checked,Build; internal routes/anchors; labelled controls; duplicate IDs; missing assets; theme; overflow; runtime; family review (see report),"No known blocking layout/runtime failure; source editions, individual manual review, field data and licensing limits in release report"
/protein-per-package-not-scoop-count.html,article,Individual automated rendered checks; family representative visually reviewed; no individual manual visual claim,Individually authored and source/arithmetic/duplication checked,"Canonical, unique title, main heading, crawlable links, sitemap and metadata checks passed; intent map recorded; no rank claim","Edge and WebKit, light/dark, 320/390/768/1024/1280/1440 rendered checks; representative text sizing and missing-image checks separately recorded",Native details/links and family navigation checks; individual runtime errors and labels checked,Build; internal routes/anchors; labelled controls; duplicate IDs; missing assets; theme; overflow; runtime; family review (see report),"No known blocking layout/runtime failure; source editions, individual manual review, field data and licensing limits in release report"
/protein-powder-scoop-weight.html,article,Individual automated rendered checks; family representative visually reviewed; no individual manual visual claim,Contextual family copy review; raw duplicate candidates retained; factual and legal meanings preserved,"Canonical, unique title, main heading, crawlable links, sitemap and metadata checks passed; intent map recorded; no rank claim","Edge and WebKit, light/dark, 320/390/768/1024/1280/1440 rendered checks; representative text sizing and missing-image checks separately recorded",Native details/links and family navigation checks; individual runtime errors and labels checked,Build; internal routes/anchors; labelled controls; duplicate IDs; missing assets; theme; overflow; runtime; family review (see report),"No known blocking layout/runtime failure; source editions, individual manual review, field data and licensing limits in release report"
/protein-serving-count-day-not-prescription.html,article,Individual automated rendered checks; family representative visually reviewed; no individual manual visual claim,Individually authored and source/arithmetic/duplication checked,"Canonical, unique title, main heading, crawlable links, sitemap and metadata checks passed; intent map recorded; no rank claim","Edge and WebKit, light/dark, 320/390/768/1024/1280/1440 rendered checks; representative text sizing and missing-image checks separately recorded",Native details/links and family navigation checks; individual runtime errors and labels checked,Build; internal routes/anchors; labelled controls; duplicate IDs; missing assets; theme; overflow; runtime; family review (see report),"No known blocking layout/runtime failure; source editions, individual manual review, field data and licensing limits in release report"
/protein-sort-vs-portion-mass.html,article,Individual automated rendered checks; family representative visually reviewed; no individual manual visual claim,Individually authored and source/arithmetic/duplication checked,"Canonical, unique title, main heading, crawlable links, sitemap and metadata checks passed; intent map recorded; no rank claim","Edge and WebKit, light/dark, 320/390/768/1024/1280/1440 rendered checks; representative text sizing and missing-image checks separately recorded",Native details/links and family navigation checks; individual runtime errors and labels checked,Build; internal routes/anchors; labelled controls; duplicate IDs; missing assets; theme; overflow; runtime; family review (see report),"No known blocking layout/runtime failure; source editions, individual manual review, field data and licensing limits in release report"
/protein-target-gap-not-automatic-extra.html,article,Individual automated rendered checks; family representative visually reviewed; no individual manual visual claim,Individually authored and source/arithmetic/duplication checked,"Canonical, unique title, main heading, crawlable links, sitemap and metadata checks passed; intent map recorded; no rank claim","Edge and WebKit, light/dark, 320/390/768/1024/1280/1440 rendered checks; representative text sizing and missing-image checks separately recorded",Native details/links and family navigation checks; individual runtime errors and labels checked,Build; internal routes/anchors; labelled controls; duplicate IDs; missing assets; theme; overflow; runtime; family review (see report),"No known blocking layout/runtime failure; source editions, individual manual review, field data and licensing limits in release report"
/protein-value-after-fixed-delivery-fee.html,article,Individual automated rendered checks; family representative visually reviewed; no individual manual visual claim,Individually authored and source/arithmetic/duplication checked,"Canonical, unique title, main heading, crawlable links, sitemap and metadata checks passed; intent map recorded; no rank claim","Edge and WebKit, light/dark, 320/390/768/1024/1280/1440 rendered checks; representative text sizing and missing-image checks separately recorded",Native details/links and family navigation checks; individual runtime errors and labels checked,Build; internal routes/anchors; labelled controls; duplicate IDs; missing assets; theme; overflow; runtime; family review (see report),"No known blocking layout/runtime failure; source editions, individual manual review, field data and licensing limits in release report"
/protein-value-calculator.html,reference-index,"Representative screenshot reviewed; full-page or contact-sheet review, not a screen-reader audit",Contextual family copy review; raw duplicate candidates retained; factual and legal meanings preserved,"Canonical, unique title, main heading, crawlable links, sitemap and metadata checks passed; intent map recorded; no rank claim","Edge and WebKit, light/dark, 320/390/768/1024/1280/1440 rendered checks; representative text sizing and missing-image checks separately recorded",Native details/links and family navigation checks; individual runtime errors and labels checked,Build; internal routes/anchors; labelled controls; duplicate IDs; missing assets; theme; overflow; runtime; family review (see report),"No known blocking layout/runtime failure; source editions, individual manual review, field data and licensing limits in release report"
/protein-value-price-range-overlap.html,article,Individual automated rendered checks; family representative visually reviewed; no individual manual visual claim,Individually authored and source/arithmetic/duplication checked,"Canonical, unique title, main heading, crawlable links, sitemap and metadata checks passed; intent map recorded; no rank claim","Edge and WebKit, light/dark, 320/390/768/1024/1280/1440 rendered checks; representative text sizing and missing-image checks separately recorded",Native details/links and family navigation checks; individual runtime errors and labels checked,Build; internal routes/anchors; labelled controls; duplicate IDs; missing assets; theme; overflow; runtime; family review (see report),"No known blocking layout/runtime failure; source editions, individual manual review, field data and licensing limits in release report"
/protein.html,article,Individual automated rendered checks; family representative visually reviewed; no individual manual visual claim,Contextual family copy review; raw duplicate candidates retained; factual and legal meanings preserved,"Canonical, unique title, main heading, crawlable links, sitemap and metadata checks passed; intent map recorded; no rank claim","Edge and WebKit, light/dark, 320/390/768/1024/1280/1440 rendered checks; representative text sizing and missing-image checks separately recorded",Native details/links and family navigation checks; individual runtime errors and labels checked,Build; internal routes/anchors; labelled controls; duplicate IDs; missing assets; theme; overflow; runtime; family review (see report),"No known blocking layout/runtime failure; source editions, individual manual review, field data and licensing limits in release report"
/published-vs-calculated-restaurant-rows.html,article,Individual automated rendered checks; family representative visually reviewed; no individual manual visual claim,Individually authored and source/arithmetic/duplication checked,"Canonical, unique title, main heading, crawlable links, sitemap and metadata checks passed; intent map recorded; no rank claim","Edge and WebKit, light/dark, 320/390/768/1024/1280/1440 rendered checks; representative text sizing and missing-image checks separately recorded",Native details/links and family navigation checks; individual runtime errors and labels checked,Build; internal routes/anchors; labelled controls; duplicate IDs; missing assets; theme; overflow; runtime; family review (see report),"No known blocking layout/runtime failure; source editions, individual manual review, field data and licensing limits in release report"
/qdoba-burrito-bowl-published-pair.html,article,Individual automated rendered checks; family representative visually reviewed; no individual manual visual claim,Individually authored and source/arithmetic/duplication checked,"Canonical, unique title, main heading, crawlable links, sitemap and metadata checks passed; intent map recorded; no rank claim","Edge and WebKit, light/dark, 320/390/768/1024/1280/1440 rendered checks; representative text sizing and missing-image checks separately recorded",Native details/links and family navigation checks; individual runtime errors and labels checked,Build; internal routes/anchors; labelled controls; duplicate IDs; missing assets; theme; overflow; runtime; family review (see report),"No known blocking layout/runtime failure; source editions, individual manual review, field data and licensing limits in release report"
/qdoba-nutrition-guide.html,restaurant,"Representative screenshot reviewed; full-page or contact-sheet review, not a screen-reader audit",Contextual family copy review; raw duplicate candidates retained; factual and legal meanings preserved,"Canonical, unique title, main heading, crawlable links, sitemap and metadata checks passed; intent map recorded; no rank claim","Edge and WebKit, light/dark, 320/390/768/1024/1280/1440 rendered checks; representative text sizing and missing-image checks separately recorded",Native details/links and family navigation checks; individual runtime errors and labels checked,Build; internal routes/anchors; labelled controls; duplicate IDs; missing assets; theme; overflow; runtime; family review (see report),"No known blocking layout/runtime failure; source editions, individual manual review, field data and licensing limits in release report"
/qdoba-vegan-bowl-fiber-tradeoff.html,article,Individual automated rendered checks; family representative visually reviewed; no individual manual visual claim,Individually authored and source/arithmetic/duplication checked,"Canonical, unique title, main heading, crawlable links, sitemap and metadata checks passed; intent map recorded; no rank claim","Edge and WebKit, light/dark, 320/390/768/1024/1280/1440 rendered checks; representative text sizing and missing-image checks separately recorded",Native details/links and family navigation checks; individual runtime errors and labels checked,Build; internal routes/anchors; labelled controls; duplicate IDs; missing assets; theme; overflow; runtime; family review (see report),"No known blocking layout/runtime failure; source editions, individual manual review, field data and licensing limits in release report"
/raising-canes-build-order-not-combo-name.html,article,Individual automated rendered checks; family representative visually reviewed; no individual manual visual claim,Individually authored and source/arithmetic/duplication checked,"Canonical, unique title, main heading, crawlable links, sitemap and metadata checks passed; intent map recorded; no rank claim","Edge and WebKit, light/dark, 320/390/768/1024/1280/1440 rendered checks; representative text sizing and missing-image checks separately recorded",Native details/links and family navigation checks; individual runtime errors and labels checked,Build; internal routes/anchors; labelled controls; duplicate IDs; missing assets; theme; overflow; runtime; family review (see report),"No known blocking layout/runtime failure; source editions, individual manual review, field data and licensing limits in release report"
/raising-canes-nutrition-guide.html,restaurant,"Representative screenshot reviewed; full-page or contact-sheet review, not a screen-reader audit",Contextual family copy review; raw duplicate candidates retained; factual and legal meanings preserved,"Canonical, unique title, main heading, crawlable links, sitemap and metadata checks passed; intent map recorded; no rank claim","Edge and WebKit, light/dark, 320/390/768/1024/1280/1440 rendered checks; representative text sizing and missing-image checks separately recorded",Native details/links and family navigation checks; individual runtime errors and labels checked,Build; internal routes/anchors; labelled controls; duplicate IDs; missing assets; theme; overflow; runtime; family review (see report),"No known blocking layout/runtime failure; source editions, individual manual review, field data and licensing limits in release report"
/raw-vs-cooked-food-weight.html,article,Individual automated rendered checks; family representative visually reviewed; no individual manual visual claim,Contextual family copy review; raw duplicate candidates retained; factual and legal meanings preserved,"Canonical, unique title, main heading, crawlable links, sitemap and metadata checks passed; intent map recorded; no rank claim","Edge and WebKit, light/dark, 320/390/768/1024/1280/1440 rendered checks; representative text sizing and missing-image checks separately recorded",Native details/links and family navigation checks; individual runtime errors and labels checked,Build; internal routes/anchors; labelled controls; duplicate IDs; missing assets; theme; overflow; runtime; family review (see report),"No known blocking layout/runtime failure; source editions, individual manual review, field data and licensing limits in release report"
/recipe-added-water-not-new-nutrients.html,article,Individual automated rendered checks; family representative visually reviewed; no individual manual visual claim,Individually authored and source/arithmetic/duplication checked,"Canonical, unique title, main heading, crawlable links, sitemap and metadata checks passed; intent map recorded; no rank claim","Edge and WebKit, light/dark, 320/390/768/1024/1280/1440 rendered checks; representative text sizing and missing-image checks separately recorded",Native details/links and family navigation checks; individual runtime errors and labels checked,Build; internal routes/anchors; labelled controls; duplicate IDs; missing assets; theme; overflow; runtime; family review (see report),"No known blocking layout/runtime failure; source editions, individual manual review, field data and licensing limits in release report"
/recipe-combined-batches-not-average-serving.html,article,Individual automated rendered checks; family representative visually reviewed; no individual manual visual claim,Individually authored and source/arithmetic/duplication checked,"Canonical, unique title, main heading, crawlable links, sitemap and metadata checks passed; intent map recorded; no rank claim","Edge and WebKit, light/dark, 320/390/768/1024/1280/1440 rendered checks; representative text sizing and missing-image checks separately recorded",Native details/links and family navigation checks; individual runtime errors and labels checked,Build; internal routes/anchors; labelled controls; duplicate IDs; missing assets; theme; overflow; runtime; family review (see report),"No known blocking layout/runtime failure; source editions, individual manual review, field data and licensing limits in release report"
/recipe-discrete-pieces-count-or-weight.html,article,Individual automated rendered checks; family representative visually reviewed; no individual manual visual claim,Individually authored and source/arithmetic/duplication checked,"Canonical, unique title, main heading, crawlable links, sitemap and metadata checks passed; intent map recorded; no rank claim","Edge and WebKit, light/dark, 320/390/768/1024/1280/1440 rendered checks; representative text sizing and missing-image checks separately recorded",Native details/links and family navigation checks; individual runtime errors and labels checked,Build; internal routes/anchors; labelled controls; duplicate IDs; missing assets; theme; overflow; runtime; family review (see report),"No known blocking layout/runtime failure; source editions, individual manual review, field data and licensing limits in release report"
/recipe-evaporation-weight-density.html,article,Individual automated rendered checks; family representative visually reviewed; no individual manual visual claim,Individually authored and source/arithmetic/duplication checked,"Canonical, unique title, main heading, crawlable links, sitemap and metadata checks passed; intent map recorded; no rank claim","Edge and WebKit, light/dark, 320/390/768/1024/1280/1440 rendered checks; representative text sizing and missing-image checks separately recorded",Native details/links and family navigation checks; individual runtime errors and labels checked,Build; internal routes/anchors; labelled controls; duplicate IDs; missing assets; theme; overflow; runtime; family review (see report),"No known blocking layout/runtime failure; source editions, individual manual review, field data and licensing limits in release report"
/recipe-fixed-seasoning-scale.html,article,Individual automated rendered checks; family representative visually reviewed; no individual manual visual claim,Individually authored and source/arithmetic/duplication checked,"Canonical, unique title, main heading, crawlable links, sitemap and metadata checks passed; intent map recorded; no rank claim","Edge and WebKit, light/dark, 320/390/768/1024/1280/1440 rendered checks; representative text sizing and missing-image checks separately recorded",Native details/links and family navigation checks; individual runtime errors and labels checked,Build; internal routes/anchors; labelled controls; duplicate IDs; missing assets; theme; overflow; runtime; family review (see report),"No known blocking layout/runtime failure; source editions, individual manual review, field data and licensing limits in release report"
/recipe-freezing-portion-count.html,article,Individual automated rendered checks; family representative visually reviewed; no individual manual visual claim,Individually authored and source/arithmetic/duplication checked,"Canonical, unique title, main heading, crawlable links, sitemap and metadata checks passed; intent map recorded; no rank claim","Edge and WebKit, light/dark, 320/390/768/1024/1280/1440 rendered checks; representative text sizing and missing-image checks separately recorded",Native details/links and family navigation checks; individual runtime errors and labels checked,Build; internal routes/anchors; labelled controls; duplicate IDs; missing assets; theme; overflow; runtime; family review (see report),"No known blocking layout/runtime failure; source editions, individual manual review, field data and licensing limits in release report"
/recipe-left-in-pan-residual.html,article,Individual automated rendered checks; family representative visually reviewed; no individual manual visual claim,Individually authored and source/arithmetic/duplication checked,"Canonical, unique title, main heading, crawlable links, sitemap and metadata checks passed; intent map recorded; no rank claim","Edge and WebKit, light/dark, 320/390/768/1024/1280/1440 rendered checks; representative text sizing and missing-image checks separately recorded",Native details/links and family navigation checks; individual runtime errors and labels checked,Build; internal routes/anchors; labelled controls; duplicate IDs; missing assets; theme; overflow; runtime; family review (see report),"No known blocking layout/runtime failure; source editions, individual manual review, field data and licensing limits in release report"
/recipe-macro-scaler.html,reference-index,"Representative screenshot reviewed; full-page or contact-sheet review, not a screen-reader audit",Contextual family copy review; raw duplicate candidates retained; factual and legal meanings preserved,"Canonical, unique title, main heading, crawlable links, sitemap and metadata checks passed; intent map recorded; no rank claim","Edge and WebKit, light/dark, 320/390/768/1024/1280/1440 rendered checks; representative text sizing and missing-image checks separately recorded",Native details/links and family navigation checks; individual runtime errors and labels checked,Build; internal routes/anchors; labelled controls; duplicate IDs; missing assets; theme; overflow; runtime; family review (see report),"No known blocking layout/runtime failure; source editions, individual manual review, field data and licensing limits in release report"
/recipe-one-ingredient-substitution.html,article,Individual automated rendered checks; family representative visually reviewed; no individual manual visual claim,Individually authored and source/arithmetic/duplication checked,"Canonical, unique title, main heading, crawlable links, sitemap and metadata checks passed; intent map recorded; no rank claim","Edge and WebKit, light/dark, 320/390/768/1024/1280/1440 rendered checks; representative text sizing and missing-image checks separately recorded",Native details/links and family navigation checks; individual runtime errors and labels checked,Build; internal routes/anchors; labelled controls; duplicate IDs; missing assets; theme; overflow; runtime; family review (see report),"No known blocking layout/runtime failure; source editions, individual manual review, field data and licensing limits in release report"
/recipe-quarter-batch-not-quarter-ingredient.html,article,Individual automated rendered checks; family representative visually reviewed; no individual manual visual claim,Individually authored and source/arithmetic/duplication checked,"Canonical, unique title, main heading, crawlable links, sitemap and metadata checks passed; intent map recorded; no rank claim","Edge and WebKit, light/dark, 320/390/768/1024/1280/1440 rendered checks; representative text sizing and missing-image checks separately recorded",Native details/links and family navigation checks; individual runtime errors and labels checked,Build; internal routes/anchors; labelled controls; duplicate IDs; missing assets; theme; overflow; runtime; family review (see report),"No known blocking layout/runtime failure; source editions, individual manual review, field data and licensing limits in release report"
/recipe-recalculate-new-product-label.html,article,Individual automated rendered checks; family representative visually reviewed; no individual manual visual claim,Individually authored and source/arithmetic/duplication checked,"Canonical, unique title, main heading, crawlable links, sitemap and metadata checks passed; intent map recorded; no rank claim","Edge and WebKit, light/dark, 320/390/768/1024/1280/1440 rendered checks; representative text sizing and missing-image checks separately recorded",Native details/links and family navigation checks; individual runtime errors and labels checked,Build; internal routes/anchors; labelled controls; duplicate IDs; missing assets; theme; overflow; runtime; family review (see report),"No known blocking layout/runtime failure; source editions, individual manual review, field data and licensing limits in release report"
/recipe-repeated-ingredient-two-label-bases.html,article,Individual automated rendered checks; family representative visually reviewed; no individual manual visual claim,Individually authored and source/arithmetic/duplication checked,"Canonical, unique title, main heading, crawlable links, sitemap and metadata checks passed; intent map recorded; no rank claim","Edge and WebKit, light/dark, 320/390/768/1024/1280/1440 rendered checks; representative text sizing and missing-image checks separately recorded",Native details/links and family navigation checks; individual runtime errors and labels checked,Build; internal routes/anchors; labelled controls; duplicate IDs; missing assets; theme; overflow; runtime; family review (see report),"No known blocking layout/runtime failure; source editions, individual manual review, field data and licensing limits in release report"
/recipe-sauce-made-vs-sauce-used.html,article,Individual automated rendered checks; family representative visually reviewed; no individual manual visual claim,Individually authored and source/arithmetic/duplication checked,"Canonical, unique title, main heading, crawlable links, sitemap and metadata checks passed; intent map recorded; no rank claim","Edge and WebKit, light/dark, 320/390/768/1024/1280/1440 rendered checks; representative text sizing and missing-image checks separately recorded",Native details/links and family navigation checks; individual runtime errors and labels checked,Build; internal routes/anchors; labelled controls; duplicate IDs; missing assets; theme; overflow; runtime; family review (see report),"No known blocking layout/runtime failure; source editions, individual manual review, field data and licensing limits in release report"
/recipe-sauce-on-side-two-totals.html,article,Individual automated rendered checks; family representative visually reviewed; no individual manual visual claim,Individually authored and source/arithmetic/duplication checked,"Canonical, unique title, main heading, crawlable links, sitemap and metadata checks passed; intent map recorded; no rank claim","Edge and WebKit, light/dark, 320/390/768/1024/1280/1440 rendered checks; representative text sizing and missing-image checks separately recorded",Native details/links and family navigation checks; individual runtime errors and labels checked,Build; internal routes/anchors; labelled controls; duplicate IDs; missing assets; theme; overflow; runtime; family review (see report),"No known blocking layout/runtime failure; source editions, individual manual review, field data and licensing limits in release report"
/recipe-target-batch-portions-integer.html,article,Individual automated rendered checks; family representative visually reviewed; no individual manual visual claim,Individually authored and source/arithmetic/duplication checked,"Canonical, unique title, main heading, crawlable links, sitemap and metadata checks passed; intent map recorded; no rank claim","Edge and WebKit, light/dark, 320/390/768/1024/1280/1440 rendered checks; representative text sizing and missing-image checks separately recorded",Native details/links and family navigation checks; individual runtime errors and labels checked,Build; internal routes/anchors; labelled controls; duplicate IDs; missing assets; theme; overflow; runtime; family review (see report),"No known blocking layout/runtime failure; source editions, individual manual review, field data and licensing limits in release report"
/recipe-uniform-vs-component-serving.html,article,Individual automated rendered checks; family representative visually reviewed; no individual manual visual claim,Individually authored and source/arithmetic/duplication checked,"Canonical, unique title, main heading, crawlable links, sitemap and metadata checks passed; intent map recorded; no rank claim","Edge and WebKit, light/dark, 320/390/768/1024/1280/1440 rendered checks; representative text sizing and missing-image checks separately recorded",Native details/links and family navigation checks; individual runtime errors and labels checked,Build; internal routes/anchors; labelled controls; duplicate IDs; missing assets; theme; overflow; runtime; family review (see report),"No known blocking layout/runtime failure; source editions, individual manual review, field data and licensing limits in release report"
/restaurant-bowl-nutrition-comparison.html,article,Individual automated rendered checks; family representative visually reviewed; no individual manual visual claim,Contextual family copy review; raw duplicate candidates retained; factual and legal meanings preserved,"Canonical, unique title, main heading, crawlable links, sitemap and metadata checks passed; intent map recorded; no rank claim","Edge and WebKit, light/dark, 320/390/768/1024/1280/1440 rendered checks; representative text sizing and missing-image checks separately recorded",Native details/links and family navigation checks; individual runtime errors and labels checked,Build; internal routes/anchors; labelled controls; duplicate IDs; missing assets; theme; overflow; runtime; family review (see report),"No known blocking layout/runtime failure; source editions, individual manual review, field data and licensing limits in release report"
/restaurant-compare-tradeoff-not-single-score.html,article,Individual automated rendered checks; family representative visually reviewed; no individual manual visual claim,Individually authored and source/arithmetic/duplication checked,"Canonical, unique title, main heading, crawlable links, sitemap and metadata checks passed; intent map recorded; no rank claim","Edge and WebKit, light/dark, 320/390/768/1024/1280/1440 rendered checks; representative text sizing and missing-image checks separately recorded",Native details/links and family navigation checks; individual runtime errors and labels checked,Build; internal routes/anchors; labelled controls; duplicate IDs; missing assets; theme; overflow; runtime; family review (see report),"No known blocking layout/runtime failure; source editions, individual manual review, field data and licensing limits in release report"
/restaurant-dominated-choice-still-context.html,article,Individual automated rendered checks; family representative visually reviewed; no individual manual visual claim,Individually authored and source/arithmetic/duplication checked,"Canonical, unique title, main heading, crawlable links, sitemap and metadata checks passed; intent map recorded; no rank claim","Edge and WebKit, light/dark, 320/390/768/1024/1280/1440 rendered checks; representative text sizing and missing-image checks separately recorded",Native details/links and family navigation checks; individual runtime errors and labels checked,Build; internal routes/anchors; labelled controls; duplicate IDs; missing assets; theme; overflow; runtime; family review (see report),"No known blocking layout/runtime failure; source editions, individual manual review, field data and licensing limits in release report"
/restaurant-meal-finder.html,finder,"Representative screenshot reviewed; full-page or contact-sheet review, not a screen-reader audit",Contextual family copy review; raw duplicate candidates retained; factual and legal meanings preserved,"Canonical, unique title, main heading, crawlable links, sitemap and metadata checks passed; intent map recorded; no rank claim","Edge and WebKit, light/dark, 320/390/768/1024/1280/1440 rendered checks; representative text sizing and missing-image checks separately recorded",8 cross-theme/engine/mobile/desktop core journeys; 12 feature configurations; games additionally solved in 224 browser runs,Build; internal routes/anchors; labelled controls; duplicate IDs; missing assets; theme; overflow; runtime; family review (see report),"No known blocking layout/runtime failure; source editions, individual manual review, field data and licensing limits in release report"
/restaurant-meal-guides.html,reference-index,"Representative screenshot reviewed; full-page or contact-sheet review, not a screen-reader audit",Contextual family copy review; raw duplicate candidates retained; factual and legal meanings preserved,"Canonical, unique title, main heading, crawlable links, sitemap and metadata checks passed; intent map recorded; no rank claim","Edge and WebKit, light/dark, 320/390/768/1024/1280/1440 rendered checks; representative text sizing and missing-image checks separately recorded",Native details/links and family navigation checks; individual runtime errors and labels checked,Build; internal routes/anchors; labelled controls; duplicate IDs; missing assets; theme; overflow; runtime; family review (see report),"No known blocking layout/runtime failure; source editions, individual manual review, field data and licensing limits in release report"
/restaurant-menu-serving-weight.html,article,Individual automated rendered checks; family representative visually reviewed; no individual manual visual claim,Individually authored and source/arithmetic/duplication checked,"Canonical, unique title, main heading, crawlable links, sitemap and metadata checks passed; intent map recorded; no rank claim","Edge and WebKit, light/dark, 320/390/768/1024/1280/1440 rendered checks; representative text sizing and missing-image checks separately recorded",Native details/links and family navigation checks; individual runtime errors and labels checked,Build; internal routes/anchors; labelled controls; duplicate IDs; missing assets; theme; overflow; runtime; family review (see report),"No known blocking layout/runtime failure; source editions, individual manual review, field data and licensing limits in release report"
/restaurant-protein-cost-receipt-prices.html,article,Individual automated rendered checks; family representative visually reviewed; no individual manual visual claim,Individually authored and source/arithmetic/duplication checked,"Canonical, unique title, main heading, crawlable links, sitemap and metadata checks passed; intent map recorded; no rank claim","Edge and WebKit, light/dark, 320/390/768/1024/1280/1440 rendered checks; representative text sizing and missing-image checks separately recorded",Native details/links and family navigation checks; individual runtime errors and labels checked,Build; internal routes/anchors; labelled controls; duplicate IDs; missing assets; theme; overflow; runtime; family review (see report),"No known blocking layout/runtime failure; source editions, individual manual review, field data and licensing limits in release report"
/restaurant-protein-value-no-price-data.html,article,Individual automated rendered checks; family representative visually reviewed; no individual manual visual claim,Individually authored and source/arithmetic/duplication checked,"Canonical, unique title, main heading, crawlable links, sitemap and metadata checks passed; intent map recorded; no rank claim","Edge and WebKit, light/dark, 320/390/768/1024/1280/1440 rendered checks; representative text sizing and missing-image checks separately recorded",Native details/links and family navigation checks; individual runtime errors and labels checked,Build; internal routes/anchors; labelled controls; duplicate IDs; missing assets; theme; overflow; runtime; family review (see report),"No known blocking layout/runtime failure; source editions, individual manual review, field data and licensing limits in release report"
/restaurant-search-result-count-scope.html,article,Individual automated rendered checks; family representative visually reviewed; no individual manual visual claim,Individually authored and source/arithmetic/duplication checked,"Canonical, unique title, main heading, crawlable links, sitemap and metadata checks passed; intent map recorded; no rank claim","Edge and WebKit, light/dark, 320/390/768/1024/1280/1440 rendered checks; representative text sizing and missing-image checks separately recorded",Native details/links and family navigation checks; individual runtime errors and labels checked,Build; internal routes/anchors; labelled controls; duplicate IDs; missing assets; theme; overflow; runtime; family review (see report),"No known blocking layout/runtime failure; source editions, individual manual review, field data and licensing limits in release report"
/restaurant-value-your-nutrient-not-protein.html,article,Individual automated rendered checks; family representative visually reviewed; no individual manual visual claim,Individually authored and source/arithmetic/duplication checked,"Canonical, unique title, main heading, crawlable links, sitemap and metadata checks passed; intent map recorded; no rank claim","Edge and WebKit, light/dark, 320/390/768/1024/1280/1440 rendered checks; representative text sizing and missing-image checks separately recorded",Native details/links and family navigation checks; individual runtime errors and labels checked,Build; internal routes/anchors; labelled controls; duplicate IDs; missing assets; theme; overflow; runtime; family review (see report),"No known blocking layout/runtime failure; source editions, individual manual review, field data and licensing limits in release report"
/salad-burger-calories-no-category-rule.html,article,Individual automated rendered checks; family representative visually reviewed; no individual manual visual claim,Individually authored and source/arithmetic/duplication checked,"Canonical, unique title, main heading, crawlable links, sitemap and metadata checks passed; intent map recorded; no rank claim","Edge and WebKit, light/dark, 320/390/768/1024/1280/1440 rendered checks; representative text sizing and missing-image checks separately recorded",Native details/links and family navigation checks; individual runtime errors and labels checked,Build; internal routes/anchors; labelled controls; duplicate IDs; missing assets; theme; overflow; runtime; family review (see report),"No known blocking layout/runtime failure; source editions, individual manual review, field data and licensing limits in release report"
/same-restaurant-name-different-market-data.html,article,Individual automated rendered checks; family representative visually reviewed; no individual manual visual claim,Individually authored and source/arithmetic/duplication checked,"Canonical, unique title, main heading, crawlable links, sitemap and metadata checks passed; intent map recorded; no rank claim","Edge and WebKit, light/dark, 320/390/768/1024/1280/1440 rendered checks; representative text sizing and missing-image checks separately recorded",Native details/links and family navigation checks; individual runtime errors and labels checked,Build; internal routes/anchors; labelled controls; duplicate IDs; missing assets; theme; overflow; runtime; family review (see report),"No known blocking layout/runtime failure; source editions, individual manual review, field data and licensing limits in release report"
/saved-meal-source-version-check.html,article,Individual automated rendered checks; family representative visually reviewed; no individual manual visual claim,Individually authored and source/arithmetic/duplication checked,"Canonical, unique title, main heading, crawlable links, sitemap and metadata checks passed; intent map recorded; no rank claim","Edge and WebKit, light/dark, 320/390/768/1024/1280/1440 rendered checks; representative text sizing and missing-image checks separately recorded",Native details/links and family navigation checks; individual runtime errors and labels checked,Build; internal routes/anchors; labelled controls; duplicate IDs; missing assets; theme; overflow; runtime; family review (see report),"No known blocking layout/runtime failure; source editions, individual manual review, field data and licensing limits in release report"
/search.html,search,"Representative screenshot reviewed; full-page or contact-sheet review, not a screen-reader audit",Contextual family copy review; raw duplicate candidates retained; factual and legal meanings preserved,"Canonical, unique title, main heading, crawlable links, sitemap and metadata checks passed; intent map recorded; no rank claim","Edge and WebKit, light/dark, 320/390/768/1024/1280/1440 rendered checks; representative text sizing and missing-image checks separately recorded",8 cross-theme/engine/mobile/desktop core journeys; 12 feature configurations; games additionally solved in 224 browser runs,Build; internal routes/anchors; labelled controls; duplicate IDs; missing assets; theme; overflow; runtime; family review (see report),"No known blocking layout/runtime failure; source editions, individual manual review, field data and licensing limits in release report"
/serving-size-vs-portion-size.html,article,Individual automated rendered checks; family representative visually reviewed; no individual manual visual claim,Contextual family copy review; raw duplicate candidates retained; factual and legal meanings preserved,"Canonical, unique title, main heading, crawlable links, sitemap and metadata checks passed; intent map recorded; no rank claim","Edge and WebKit, light/dark, 320/390/768/1024/1280/1440 rendered checks; representative text sizing and missing-image checks separately recorded",Native details/links and family navigation checks; individual runtime errors and labels checked,Build; internal routes/anchors; labelled controls; duplicate IDs; missing assets; theme; overflow; runtime; family review (see report),"No known blocking layout/runtime failure; source editions, individual manual review, field data and licensing limits in release report"
/sodium-label-comparison-tool.html,calculator,"Representative screenshot reviewed; full-page or contact-sheet review, not a screen-reader audit",Contextual family copy review; raw duplicate candidates retained; factual and legal meanings preserved,"Canonical, unique title, main heading, crawlable links, sitemap and metadata checks passed; intent map recorded; no rank claim","Edge and WebKit, light/dark, 320/390/768/1024/1280/1440 rendered checks; representative text sizing and missing-image checks separately recorded",8 cross-theme/engine/mobile/desktop core journeys; 12 feature configurations; games additionally solved in 224 browser runs,Build; internal routes/anchors; labelled controls; duplicate IDs; missing assets; theme; overflow; runtime; family review (see report),"No known blocking layout/runtime failure; source editions, individual manual review, field data and licensing limits in release report"
/sodium-milligrams-to-grams.html,article,Individual automated rendered checks; family representative visually reviewed; no individual manual visual claim,Individually authored and source/arithmetic/duplication checked,"Canonical, unique title, main heading, crawlable links, sitemap and metadata checks passed; intent map recorded; no rank claim","Edge and WebKit, light/dark, 320/390/768/1024/1280/1440 rendered checks; representative text sizing and missing-image checks separately recorded",Native details/links and family navigation checks; individual runtime errors and labels checked,Build; internal routes/anchors; labelled controls; duplicate IDs; missing assets; theme; overflow; runtime; family review (see report),"No known blocking layout/runtime failure; source editions, individual manual review, field data and licensing limits in release report"
/sonic-hot-dog-sodium-toppings.html,article,Individual automated rendered checks; family representative visually reviewed; no individual manual visual claim,Individually authored and source/arithmetic/duplication checked,"Canonical, unique title, main heading, crawlable links, sitemap and metadata checks passed; intent map recorded; no rank claim","Edge and WebKit, light/dark, 320/390/768/1024/1280/1440 rendered checks; representative text sizing and missing-image checks separately recorded",Native details/links and family navigation checks; individual runtime errors and labels checked,Build; internal routes/anchors; labelled controls; duplicate IDs; missing assets; theme; overflow; runtime; family review (see report),"No known blocking layout/runtime failure; source editions, individual manual review, field data and licensing limits in release report"
/sonic-nutrition-guide.html,restaurant,Individual automated rendered checks; family representative visually reviewed; no individual manual visual claim,Contextual family copy review; raw duplicate candidates retained; factual and legal meanings preserved,"Canonical, unique title, main heading, crawlable links, sitemap and metadata checks passed; intent map recorded; no rank claim","Edge and WebKit, light/dark, 320/390/768/1024/1280/1440 rendered checks; representative text sizing and missing-image checks separately recorded",Native details/links and family navigation checks; individual runtime errors and labels checked,Build; internal routes/anchors; labelled controls; duplicate IDs; missing assets; theme; overflow; runtime; family review (see report),"No known blocking layout/runtime failure; source editions, individual manual review, field data and licensing limits in release report"
/sonic-small-burgers-not-same-order.html,article,Individual automated rendered checks; family representative visually reviewed; no individual manual visual claim,Individually authored and source/arithmetic/duplication checked,"Canonical, unique title, main heading, crawlable links, sitemap and metadata checks passed; intent map recorded; no rank claim","Edge and WebKit, light/dark, 320/390/768/1024/1280/1440 rendered checks; representative text sizing and missing-image checks separately recorded",Native details/links and family navigation checks; individual runtime errors and labels checked,Build; internal routes/anchors; labelled controls; duplicate IDs; missing assets; theme; overflow; runtime; family review (see report),"No known blocking layout/runtime failure; source editions, individual manual review, field data and licensing limits in release report"
/sonic-ultimate-breakfast-not-extra-protein-rule.html,article,Individual automated rendered checks; family representative visually reviewed; no individual manual visual claim,Individually authored and source/arithmetic/duplication checked,"Canonical, unique title, main heading, crawlable links, sitemap and metadata checks passed; intent map recorded; no rank claim","Edge and WebKit, light/dark, 320/390/768/1024/1280/1440 rendered checks; representative text sizing and missing-image checks separately recorded",Native details/links and family navigation checks; individual runtime errors and labels checked,Build; internal routes/anchors; labelled controls; duplicate IDs; missing assets; theme; overflow; runtime; family review (see report),"No known blocking layout/runtime failure; source editions, individual manual review, field data and licensing limits in release report"
/sources.html,trust,"Representative screenshot reviewed; full-page or contact-sheet review, not a screen-reader audit",Contextual family copy review; raw duplicate candidates retained; factual and legal meanings preserved,"Canonical, unique title, main heading, crawlable links, sitemap and metadata checks passed; intent map recorded; no rank claim","Edge and WebKit, light/dark, 320/390/768/1024/1280/1440 rendered checks; representative text sizing and missing-image checks separately recorded",Native details/links and family navigation checks; individual runtime errors and labels checked,Build; internal routes/anchors; labelled controls; duplicate IDs; missing assets; theme; overflow; runtime; family review (see report),"No known blocking layout/runtime failure; source editions, individual manual review, field data and licensing limits in release report"
/starbucks-healthy-food-meals-macros.html,restaurant,Individual automated rendered checks; family representative visually reviewed; no individual manual visual claim,Contextual family copy review; raw duplicate candidates retained; factual and legal meanings preserved,"Canonical, unique title, main heading, crawlable links, sitemap and metadata checks passed; intent map recorded; no rank claim","Edge and WebKit, light/dark, 320/390/768/1024/1280/1440 rendered checks; representative text sizing and missing-image checks separately recorded",Native details/links and family navigation checks; individual runtime errors and labels checked,Build; internal routes/anchors; labelled controls; duplicate IDs; missing assets; theme; overflow; runtime; family review (see report),"No known blocking layout/runtime failure; source editions, individual manual review, field data and licensing limits in release report"
/subway-healthy-meals-macros.html,restaurant,Individual automated rendered checks; family representative visually reviewed; no individual manual visual claim,Contextual family copy review; raw duplicate candidates retained; factual and legal meanings preserved,"Canonical, unique title, main heading, crawlable links, sitemap and metadata checks passed; intent map recorded; no rank claim","Edge and WebKit, light/dark, 320/390/768/1024/1280/1440 rendered checks; representative text sizing and missing-image checks separately recorded",Native details/links and family navigation checks; individual runtime errors and labels checked,Build; internal routes/anchors; labelled controls; duplicate IDs; missing assets; theme; overflow; runtime; family review (see report),"No known blocking layout/runtime failure; source editions, individual manual review, field data and licensing limits in release report"
/sugar-lines-do-not-add.html,article,Individual automated rendered checks; family representative visually reviewed; no individual manual visual claim,Individually authored and source/arithmetic/duplication checked,"Canonical, unique title, main heading, crawlable links, sitemap and metadata checks passed; intent map recorded; no rank claim","Edge and WebKit, light/dark, 320/390/768/1024/1280/1440 rendered checks; representative text sizing and missing-image checks separately recorded",Native details/links and family navigation checks; individual runtime errors and labels checked,Build; internal routes/anchors; labelled controls; duplicate IDs; missing assets; theme; overflow; runtime; family review (see report),"No known blocking layout/runtime failure; source editions, individual manual review, field data and licensing limits in release report"
/sweat-rate-calculator.html,calculator,"Representative screenshot reviewed; full-page or contact-sheet review, not a screen-reader audit",Contextual family copy review; raw duplicate candidates retained; factual and legal meanings preserved,"Canonical, unique title, main heading, crawlable links, sitemap and metadata checks passed; intent map recorded; no rank claim","Edge and WebKit, light/dark, 320/390/768/1024/1280/1440 rendered checks; representative text sizing and missing-image checks separately recorded",8 cross-theme/engine/mobile/desktop core journeys; 12 feature configurations; games additionally solved in 224 browser runs,Build; internal routes/anchors; labelled controls; duplicate IDs; missing assets; theme; overflow; runtime; family review (see report),"No known blocking layout/runtime failure; source editions, individual manual review, field data and licensing limits in release report"
/sweetgreen-healthy-meals-macros.html,restaurant,Individual automated rendered checks; family representative visually reviewed; no individual manual visual claim,Contextual family copy review; raw duplicate candidates retained; factual and legal meanings preserved,"Canonical, unique title, main heading, crawlable links, sitemap and metadata checks passed; intent map recorded; no rank claim","Edge and WebKit, light/dark, 320/390/768/1024/1280/1440 rendered checks; representative text sizing and missing-image checks separately recorded",Native details/links and family navigation checks; individual runtime errors and labels checked,Build; internal routes/anchors; labelled controls; duplicate IDs; missing assets; theme; overflow; runtime; family review (see report),"No known blocking layout/runtime failure; source editions, individual manual review, field data and licensing limits in release report"
/sweetgreen-vs-panera-chicken-salads.html,article,Individual automated rendered checks; family representative visually reviewed; no individual manual visual claim,Contextual family copy review; raw duplicate candidates retained; factual and legal meanings preserved,"Canonical, unique title, main heading, crawlable links, sitemap and metadata checks passed; intent map recorded; no rank claim","Edge and WebKit, light/dark, 320/390/768/1024/1280/1440 rendered checks; representative text sizing and missing-image checks separately recorded",Native details/links and family navigation checks; individual runtime errors and labels checked,Build; internal routes/anchors; labelled controls; duplicate IDs; missing assets; theme; overflow; runtime; family review (see report),"No known blocking layout/runtime failure; source editions, individual manual review, field data and licensing limits in release report"
/taco-bell-healthy-meals-macros.html,restaurant,Individual automated rendered checks; family representative visually reviewed; no individual manual visual claim,Contextual family copy review; raw duplicate candidates retained; factual and legal meanings preserved,"Canonical, unique title, main heading, crawlable links, sitemap and metadata checks passed; intent map recorded; no rank claim","Edge and WebKit, light/dark, 320/390/768/1024/1280/1440 rendered checks; representative text sizing and missing-image checks separately recorded",Native details/links and family navigation checks; individual runtime errors and labels checked,Build; internal routes/anchors; labelled controls; duplicate IDs; missing assets; theme; overflow; runtime; family review (see report),"No known blocking layout/runtime failure; source editions, individual manual review, field data and licensing limits in release report"
/taco-johns-bowl-base-tradeoff.html,article,Individual automated rendered checks; family representative visually reviewed; no individual manual visual claim,Individually authored and source/arithmetic/duplication checked,"Canonical, unique title, main heading, crawlable links, sitemap and metadata checks passed; intent map recorded; no rank claim","Edge and WebKit, light/dark, 320/390/768/1024/1280/1440 rendered checks; representative text sizing and missing-image checks separately recorded",Native details/links and family navigation checks; individual runtime errors and labels checked,Build; internal routes/anchors; labelled controls; duplicate IDs; missing assets; theme; overflow; runtime; family review (see report),"No known blocking layout/runtime failure; source editions, individual manual review, field data and licensing limits in release report"
/taco-johns-breakfast-taco-vs-burrito.html,article,Individual automated rendered checks; family representative visually reviewed; no individual manual visual claim,Individually authored and source/arithmetic/duplication checked,"Canonical, unique title, main heading, crawlable links, sitemap and metadata checks passed; intent map recorded; no rank claim","Edge and WebKit, light/dark, 320/390/768/1024/1280/1440 rendered checks; representative text sizing and missing-image checks separately recorded",Native details/links and family navigation checks; individual runtime errors and labels checked,Build; internal routes/anchors; labelled controls; duplicate IDs; missing assets; theme; overflow; runtime; family review (see report),"No known blocking layout/runtime failure; source editions, individual manual review, field data and licensing limits in release report"
/taco-johns-nutrition-guide.html,restaurant,"Representative screenshot reviewed; full-page or contact-sheet review, not a screen-reader audit",Contextual family copy review; raw duplicate candidates retained; factual and legal meanings preserved,"Canonical, unique title, main heading, crawlable links, sitemap and metadata checks passed; intent map recorded; no rank claim","Edge and WebKit, light/dark, 320/390/768/1024/1280/1440 rendered checks; representative text sizing and missing-image checks separately recorded",Native details/links and family navigation checks; individual runtime errors and labels checked,Build; internal routes/anchors; labelled controls; duplicate IDs; missing assets; theme; overflow; runtime; family review (see report),"No known blocking layout/runtime failure; source editions, individual manual review, field data and licensing limits in release report"
/taco-johns-small-fiber-bound.html,article,Individual automated rendered checks; family representative visually reviewed; no individual manual visual claim,Individually authored and source/arithmetic/duplication checked,"Canonical, unique title, main heading, crawlable links, sitemap and metadata checks passed; intent map recorded; no rank claim","Edge and WebKit, light/dark, 320/390/768/1024/1280/1440 rendered checks; representative text sizing and missing-image checks separately recorded",Native details/links and family navigation checks; individual runtime errors and labels checked,Build; internal routes/anchors; labelled controls; duplicate IDs; missing assets; theme; overflow; runtime; family review (see report),"No known blocking layout/runtime failure; source editions, individual manual review, field data and licensing limits in release report"
/tare-bowl-before-weighing-food.html,article,Individual automated rendered checks; family representative visually reviewed; no individual manual visual claim,Individually authored and source/arithmetic/duplication checked,"Canonical, unique title, main heading, crawlable links, sitemap and metadata checks passed; intent map recorded; no rank claim","Edge and WebKit, light/dark, 320/390/768/1024/1280/1440 rendered checks; representative text sizing and missing-image checks separately recorded",Native details/links and family navigation checks; individual runtime errors and labels checked,Build; internal routes/anchors; labelled controls; duplicate IDs; missing assets; theme; overflow; runtime; family review (see report),"No known blocking layout/runtime failure; source editions, individual manual review, field data and licensing limits in release report"
/terms.html,legal,"Representative screenshot reviewed; full-page or contact-sheet review, not a screen-reader audit",Contextual family copy review; raw duplicate candidates retained; factual and legal meanings preserved,"Canonical, unique title, main heading, crawlable links, sitemap and metadata checks passed; intent map recorded; no rank claim","Edge and WebKit, light/dark, 320/390/768/1024/1280/1440 rendered checks; representative text sizing and missing-image checks separately recorded",Native details/links and family navigation checks; individual runtime errors and labels checked,Build; internal routes/anchors; labelled controls; duplicate IDs; missing assets; theme; overflow; runtime; family review (see report),"No known blocking layout/runtime failure; source editions, individual manual review, field data and licensing limits in release report"
/three-count-tacos-not-three-equal-meals.html,article,Individual automated rendered checks; family representative visually reviewed; no individual manual visual claim,Individually authored and source/arithmetic/duplication checked,"Canonical, unique title, main heading, crawlable links, sitemap and metadata checks passed; intent map recorded; no rank claim","Edge and WebKit, light/dark, 320/390/768/1024/1280/1440 rendered checks; representative text sizing and missing-image checks separately recorded",Native details/links and family navigation checks; individual runtime errors and labels checked,Build; internal routes/anchors; labelled controls; duplicate IDs; missing assets; theme; overflow; runtime; family review (see report),"No known blocking layout/runtime failure; source editions, individual manual review, field data and licensing limits in release report"
/two-fiber-sources-one-bowl.html,article,Individual automated rendered checks; family representative visually reviewed; no individual manual visual claim,Individually authored and source/arithmetic/duplication checked,"Canonical, unique title, main heading, crawlable links, sitemap and metadata checks passed; intent map recorded; no rank claim","Edge and WebKit, light/dark, 320/390/768/1024/1280/1440 rendered checks; representative text sizing and missing-image checks separately recorded",Native details/links and family navigation checks; individual runtime errors and labels checked,Build; internal routes/anchors; labelled controls; duplicate IDs; missing assets; theme; overflow; runtime; family review (see report),"No known blocking layout/runtime failure; source editions, individual manual review, field data and licensing limits in release report"
/two-for-one-protein-promotion.html,article,Individual automated rendered checks; family representative visually reviewed; no individual manual visual claim,Individually authored and source/arithmetic/duplication checked,"Canonical, unique title, main heading, crawlable links, sitemap and metadata checks passed; intent map recorded; no rank claim","Edge and WebKit, light/dark, 320/390/768/1024/1280/1440 rendered checks; representative text sizing and missing-image checks separately recorded",Native details/links and family navigation checks; individual runtime errors and labels checked,Build; internal routes/anchors; labelled controls; duplicate IDs; missing assets; theme; overflow; runtime; family review (see report),"No known blocking layout/runtime failure; source editions, individual manual review, field data and licensing limits in release report"
/two-meal-total-not-day-recommendation.html,article,Individual automated rendered checks; family representative visually reviewed; no individual manual visual claim,Individually authored and source/arithmetic/duplication checked,"Canonical, unique title, main heading, crawlable links, sitemap and metadata checks passed; intent map recorded; no rank claim","Edge and WebKit, light/dark, 320/390/768/1024/1280/1440 rendered checks; representative text sizing and missing-image checks separately recorded",Native details/links and family navigation checks; individual runtime errors and labels checked,Build; internal routes/anchors; labelled controls; duplicate IDs; missing assets; theme; overflow; runtime; family review (see report),"No known blocking layout/runtime failure; source editions, individual manual review, field data and licensing limits in release report"
/two-person-restaurant-budget-constraints.html,article,Individual automated rendered checks; family representative visually reviewed; no individual manual visual claim,Individually authored and source/arithmetic/duplication checked,"Canonical, unique title, main heading, crawlable links, sitemap and metadata checks passed; intent map recorded; no rank claim","Edge and WebKit, light/dark, 320/390/768/1024/1280/1440 rendered checks; representative text sizing and missing-image checks separately recorded",Native details/links and family navigation checks; individual runtime errors and labels checked,Build; internal routes/anchors; labelled controls; duplicate IDs; missing assets; theme; overflow; runtime; family review (see report),"No known blocking layout/runtime failure; source editions, individual manual review, field data and licensing limits in release report"
/unequal-recipe-portions.html,article,Individual automated rendered checks; family representative visually reviewed; no individual manual visual claim,Contextual family copy review; raw duplicate candidates retained; factual and legal meanings preserved,"Canonical, unique title, main heading, crawlable links, sitemap and metadata checks passed; intent map recorded; no rank claim","Edge and WebKit, light/dark, 320/390/768/1024/1280/1440 rendered checks; representative text sizing and missing-image checks separately recorded",Native details/links and family navigation checks; individual runtime errors and labels checked,Build; internal routes/anchors; labelled controls; duplicate IDs; missing assets; theme; overflow; runtime; family review (see report),"No known blocking layout/runtime failure; source editions, individual manual review, field data and licensing limits in release report"
/use-calorie-target-meal-finder.html,article,Individual automated rendered checks; family representative visually reviewed; no individual manual visual claim,Contextual family copy review; raw duplicate candidates retained; factual and legal meanings preserved,"Canonical, unique title, main heading, crawlable links, sitemap and metadata checks passed; intent map recorded; no rank claim","Edge and WebKit, light/dark, 320/390/768/1024/1280/1440 rendered checks; representative text sizing and missing-image checks separately recorded",Native details/links and family navigation checks; individual runtime errors and labels checked,Build; internal routes/anchors; labelled controls; duplicate IDs; missing assets; theme; overflow; runtime; family review (see report),"No known blocking layout/runtime failure; source editions, individual manual review, field data and licensing limits in release report"
/vegetarian-fast-food-protein-comparison.html,article,Individual automated rendered checks; family representative visually reviewed; no individual manual visual claim,Contextual family copy review; raw duplicate candidates retained; factual and legal meanings preserved,"Canonical, unique title, main heading, crawlable links, sitemap and metadata checks passed; intent map recorded; no rank claim","Edge and WebKit, light/dark, 320/390/768/1024/1280/1440 rendered checks; representative text sizing and missing-image checks separately recorded",Native details/links and family navigation checks; individual runtime errors and labels checked,Build; internal routes/anchors; labelled controls; duplicate IDs; missing assets; theme; overflow; runtime; family review (see report),"No known blocking layout/runtime failure; source editions, individual manual review, field data and licensing limits in release report"
/vegetarian-label-not-allergen-safety.html,article,Individual automated rendered checks; family representative visually reviewed; no individual manual visual claim,Individually authored and source/arithmetic/duplication checked,"Canonical, unique title, main heading, crawlable links, sitemap and metadata checks passed; intent map recorded; no rank claim","Edge and WebKit, light/dark, 320/390/768/1024/1280/1440 rendered checks; representative text sizing and missing-image checks separately recorded",Native details/links and family navigation checks; individual runtime errors and labels checked,Build; internal routes/anchors; labelled controls; duplicate IDs; missing assets; theme; overflow; runtime; family review (see report),"No known blocking layout/runtime failure; source editions, individual manual review, field data and licensing limits in release report"
/weigh-food-by-container-difference.html,article,Individual automated rendered checks; family representative visually reviewed; no individual manual visual claim,Individually authored and source/arithmetic/duplication checked,"Canonical, unique title, main heading, crawlable links, sitemap and metadata checks passed; intent map recorded; no rank claim","Edge and WebKit, light/dark, 320/390/768/1024/1280/1440 rendered checks; representative text sizing and missing-image checks separately recorded",Native details/links and family navigation checks; individual runtime errors and labels checked,Build; internal routes/anchors; labelled controls; duplicate IDs; missing assets; theme; overflow; runtime; family review (see report),"No known blocking layout/runtime failure; source editions, individual manual review, field data and licensing limits in release report"
/weight-goal-timeline-calculator.html,calculator,"Representative screenshot reviewed; full-page or contact-sheet review, not a screen-reader audit",Contextual family copy review; raw duplicate candidates retained; factual and legal meanings preserved,"Canonical, unique title, main heading, crawlable links, sitemap and metadata checks passed; intent map recorded; no rank claim","Edge and WebKit, light/dark, 320/390/768/1024/1280/1440 rendered checks; representative text sizing and missing-image checks separately recorded",8 cross-theme/engine/mobile/desktop core journeys; 12 feature configurations; games additionally solved in 224 browser runs,Build; internal routes/anchors; labelled controls; duplicate IDs; missing assets; theme; overflow; runtime; family review (see report),"No known blocking layout/runtime failure; source editions, individual manual review, field data and licensing limits in release report"
/wendys-healthy-meals-macros.html,restaurant,Individual automated rendered checks; family representative visually reviewed; no individual manual visual claim,Contextual family copy review; raw duplicate candidates retained; factual and legal meanings preserved,"Canonical, unique title, main heading, crawlable links, sitemap and metadata checks passed; intent map recorded; no rank claim","Edge and WebKit, light/dark, 320/390/768/1024/1280/1440 rendered checks; representative text sizing and missing-image checks separately recorded",Native details/links and family navigation checks; individual runtime errors and labels checked,Build; internal routes/anchors; labelled controls; duplicate IDs; missing assets; theme; overflow; runtime; family review (see report),"No known blocking layout/runtime failure; source editions, individual manual review, field data and licensing limits in release report"
/what-are-macros.html,article,Individual automated rendered checks; family representative visually reviewed; no individual manual visual claim,Contextual family copy review; raw duplicate candidates retained; factual and legal meanings preserved,"Canonical, unique title, main heading, crawlable links, sitemap and metadata checks passed; intent map recorded; no rank claim","Edge and WebKit, light/dark, 320/390/768/1024/1280/1440 rendered checks; representative text sizing and missing-image checks separately recorded",Native details/links and family navigation checks; individual runtime errors and labels checked,Build; internal routes/anchors; labelled controls; duplicate IDs; missing assets; theme; overflow; runtime; family review (see report),"No known blocking layout/runtime failure; source editions, individual manual review, field data and licensing limits in release report"
/what-is-a-calorie-deficit.html,article,Individual automated rendered checks; family representative visually reviewed; no individual manual visual claim,Contextual family copy review; raw duplicate candidates retained; factual and legal meanings preserved,"Canonical, unique title, main heading, crawlable links, sitemap and metadata checks passed; intent map recorded; no rank claim","Edge and WebKit, light/dark, 320/390/768/1024/1280/1440 rendered checks; representative text sizing and missing-image checks separately recorded",Native details/links and family navigation checks; individual runtime errors and labels checked,Build; internal routes/anchors; labelled controls; duplicate IDs; missing assets; theme; overflow; runtime; family review (see report),"No known blocking layout/runtime failure; source editions, individual manual review, field data and licensing limits in release report"
/what-to-eat-after-a-workout.html,article,Individual automated rendered checks; family representative visually reviewed; no individual manual visual claim,Contextual family copy review; raw duplicate candidates retained; factual and legal meanings preserved,"Canonical, unique title, main heading, crawlable links, sitemap and metadata checks passed; intent map recorded; no rank claim","Edge and WebKit, light/dark, 320/390/768/1024/1280/1440 rendered checks; representative text sizing and missing-image checks separately recorded",Native details/links and family navigation checks; individual runtime errors and labels checked,Build; internal routes/anchors; labelled controls; duplicate IDs; missing assets; theme; overflow; runtime; family review (see report),"No known blocking layout/runtime failure; source editions, individual manual review, field data and licensing limits in release report"
/what-to-eat-before-a-workout.html,article,Individual automated rendered checks; family representative visually reviewed; no individual manual visual claim,Contextual family copy review; raw duplicate candidates retained; factual and legal meanings preserved,"Canonical, unique title, main heading, crawlable links, sitemap and metadata checks passed; intent map recorded; no rank claim","Edge and WebKit, light/dark, 320/390/768/1024/1280/1440 rendered checks; representative text sizing and missing-image checks separately recorded",Native details/links and family navigation checks; individual runtime errors and labels checked,Build; internal routes/anchors; labelled controls; duplicate IDs; missing assets; theme; overflow; runtime; family review (see report),"No known blocking layout/runtime failure; source editions, individual manual review, field data and licensing limits in release report"
/when-to-recalculate-calories-and-macros.html,article,Individual automated rendered checks; family representative visually reviewed; no individual manual visual claim,Contextual family copy review; raw duplicate candidates retained; factual and legal meanings preserved,"Canonical, unique title, main heading, crawlable links, sitemap and metadata checks passed; intent map recorded; no rank claim","Edge and WebKit, light/dark, 320/390/768/1024/1280/1440 rendered checks; representative text sizing and missing-image checks separately recorded",Native details/links and family navigation checks; individual runtime errors and labels checked,Build; internal routes/anchors; labelled controls; duplicate IDs; missing assets; theme; overflow; runtime; family review (see report),"No known blocking layout/runtime failure; source editions, individual manual review, field data and licensing limits in release report"
/why-did-i-gain-weight-overnight.html,article,Individual automated rendered checks; family representative visually reviewed; no individual manual visual claim,Contextual family copy review; raw duplicate candidates retained; factual and legal meanings preserved,"Canonical, unique title, main heading, crawlable links, sitemap and metadata checks passed; intent map recorded; no rank claim","Edge and WebKit, light/dark, 320/390/768/1024/1280/1440 rendered checks; representative text sizing and missing-image checks separately recorded",Native details/links and family navigation checks; individual runtime errors and labels checked,Build; internal routes/anchors; labelled controls; duplicate IDs; missing assets; theme; overflow; runtime; family review (see report),"No known blocking layout/runtime failure; source editions, individual manual review, field data and licensing limits in release report"
/design/Main.dc.html,development artifact,Excluded development preview; not migrated,Not public editorial content,Excluded by _config.yml,Not a public route,Not a public route,Tracked source found; no active public links; publication exclusion added,Production exclusion must be checked after an authorized deployment
/design/Contrast.dc.html,development artifact,Excluded development preview; not migrated,Not public editorial content,Excluded by _config.yml,Not a public route,Not a public route,Tracked source found; no active public links; publication exclusion added,Production exclusion must be checked after an authorized deployment
/design/Soft.dc.html,development artifact,Excluded development preview; not migrated,Not public editorial content,Excluded by _config.yml,Not a public route,Not a public route,Tracked source found; no active public links; publication exclusion added,Production exclusion must be checked after an authorized deployment
