route,template,market,visual_status,copy_status,SEO_status,responsive_status,interaction_status,verification_performed,remaining_issues
/404.html,error,global,Automated rendering only; not manually visually inspected,Automated repetition/terminology scan; necessary disclosures retained. Body not substantively rewritten.,"Canonical/indexability, title/description, links, heading and reciprocal-equivalent hreflang checks passed","Edge render: 320, 390, 768, 1280, 1440 px; both themes; no detected horizontal page overflow","Runtime, assets, IDs and form-label render checks; links/anchors checked, not every action manually exercised",routes/checks.json; inventory.json; test-results.json; automated render only,No detected route/render failure. Manual and assistive-technology review is not exhaustive.
/about.html,trust,global,Automated rendering only; not manually visually inspected,Automated repetition/terminology scan; necessary disclosures retained. Body not substantively rewritten.,"Canonical/indexability, title/description, links, heading and reciprocal-equivalent hreflang checks passed","Edge render: 320, 390, 768, 1280, 1440 px; both themes; no detected horizontal page overflow","Runtime, assets, IDs and form-label render checks; links/anchors checked, not every action manually exercised",routes/checks.json; inventory.json; test-results.json; automated render only,No detected route/render failure. Manual and assistive-technology review is not exhaustive.
/accessibility.html,legal,global,Automated rendering only; not manually visually inspected,Automated repetition/terminology scan; necessary disclosures retained. Body not substantively rewritten.,"Canonical/indexability, title/description, links, heading and reciprocal-equivalent hreflang checks passed","Edge render: 320, 390, 768, 1280, 1440 px; both themes; no detected horizontal page overflow","Runtime, assets, IDs and form-label render checks; links/anchors checked, not every action manually exercised",routes/checks.json; inventory.json; test-results.json; automated render only,No detected route/render failure. Manual and assistive-technology review is not exhaustive.
/added-sugar-percentage-from-grams.html,article,global,Automated rendering only; not manually visually inspected,Automated repetition/terminology scan; necessary disclosures retained. Body not substantively rewritten.,"Canonical/indexability, title/description, links, heading and reciprocal-equivalent hreflang checks passed","Edge render: 320, 390, 768, 1280, 1440 px; both themes; no detected horizontal page overflow","Runtime, assets, IDs and form-label render checks; links/anchors checked, not every action manually exercised",routes/checks.json; inventory.json; test-results.json; automated render only,No detected route/render failure. Manual and assistive-technology review is not exhaustive.
/arbys-breakfast-bread-format.html,article,global,Automated rendering only; not manually visually inspected,Automated repetition/terminology scan; necessary disclosures retained. Body not substantively rewritten.,"Canonical/indexability, title/description, links, heading and reciprocal-equivalent hreflang checks passed","Edge render: 320, 390, 768, 1280, 1440 px; both themes; no detected horizontal page overflow","Runtime, assets, IDs and form-label render checks; links/anchors checked, not every action manually exercised",routes/checks.json; inventory.json; test-results.json; automated render only,No detected route/render failure. Manual and assistive-technology review is not exhaustive.
/arbys-nutrition-guide.html,restaurant,US,Automated rendering only; not manually visually inspected,Lead paragraphs read; duplicate comparison introductions removed where repeated below,"Canonical/indexability, title/description, links, heading and reciprocal-equivalent hreflang checks passed","Edge render: 320, 390, 768, 1280, 1440 px; both themes; no detected horizontal page overflow","Runtime, assets, IDs and form-label render checks; links/anchors checked, not every action manually exercised",routes/checks.json; inventory.json; test-results.json; automated render only,40 U.S. finder records still have missing core macros; see data-gaps.json. Not all U.S. data reverified this release.
/arbys-roast-beef-cheddar-french-dip.html,article,global,Automated rendering only; not manually visually inspected,Automated repetition/terminology scan; necessary disclosures retained. Body not substantively rewritten.,"Canonical/indexability, title/description, links, heading and reciprocal-equivalent hreflang checks passed","Edge render: 320, 390, 768, 1280, 1440 px; both themes; no detected horizontal page overflow","Runtime, assets, IDs and form-label render checks; links/anchors checked, not every action manually exercised",routes/checks.json; inventory.json; test-results.json; automated render only,No detected route/render failure. Manual and assistive-technology review is not exhaustive.
/arbys-sliders-count-whole-tray.html,article,global,Automated rendering only; not manually visually inspected,Automated repetition/terminology scan; necessary disclosures retained. Body not substantively rewritten.,"Canonical/indexability, title/description, links, heading and reciprocal-equivalent hreflang checks passed","Edge render: 320, 390, 768, 1280, 1440 px; both themes; no detected horizontal page overflow","Runtime, assets, IDs and form-label render checks; links/anchors checked, not every action manually exercised",routes/checks.json; inventory.json; test-results.json; automated render only,No detected route/render failure. Manual and assistive-technology review is not exhaustive.
/are-diet-drinks-bad-for-you.html,article,global,Automated rendering only; not manually visually inspected,Automated repetition/terminology scan; necessary disclosures retained. Body not substantively rewritten.,"Canonical/indexability, title/description, links, heading and reciprocal-equivalent hreflang checks passed","Edge render: 320, 390, 768, 1280, 1440 px; both themes; no detected horizontal page overflow","Runtime, assets, IDs and form-label render checks; links/anchors checked, not every action manually exercised",routes/checks.json; inventory.json; test-results.json; automated render only,No detected route/render failure. Manual and assistive-technology review is not exhaustive.
/articles.html,reference-index,global,Automated rendering only; not manually visually inspected,Automated repetition/terminology scan; necessary disclosures retained. Body not substantively rewritten.,"Canonical/indexability, title/description, links, heading and reciprocal-equivalent hreflang checks passed","Edge render: 320, 390, 768, 1280, 1440 px; both themes; no detected horizontal page overflow","Runtime, assets, IDs and form-label render checks; links/anchors checked, not every action manually exercised",routes/checks.json; inventory.json; test-results.json; automated render only,40 U.S. finder records still have missing core macros; see data-gaps.json. Not all U.S. data reverified this release.
/as-packaged-vs-prepared-nutrition.html,article,global,Automated rendering only; not manually visually inspected,Automated repetition/terminology scan; necessary disclosures retained. Body not substantively rewritten.,"Canonical/indexability, title/description, links, heading and reciprocal-equivalent hreflang checks passed","Edge render: 320, 390, 768, 1280, 1440 px; both themes; no detected horizontal page overflow","Runtime, assets, IDs and form-label render checks; links/anchors checked, not every action manually exercised",routes/checks.json; inventory.json; test-results.json; automated render only,No detected route/render failure. Manual and assistive-technology review is not exhaustive.
/best-fast-food-restaurants-for-your-goals.html,article,global,Automated rendering only; not manually visually inspected,Automated repetition/terminology scan; necessary disclosures retained. Body not substantively rewritten.,"Canonical/indexability, title/description, links, heading and reciprocal-equivalent hreflang checks passed","Edge render: 320, 390, 768, 1280, 1440 px; both themes; no detected horizontal page overflow","Runtime, assets, IDs and form-label render checks; links/anchors checked, not every action manually exercised",routes/checks.json; inventory.json; test-results.json; automated render only,No detected route/render failure. Manual and assistive-technology review is not exhaustive.
/blog.html,journal,global,Automated rendering only; not manually visually inspected,Automated repetition/terminology scan; necessary disclosures retained. Body not substantively rewritten.,"Canonical/indexability, title/description, links, heading and reciprocal-equivalent hreflang checks passed","Edge render: 320, 390, 768, 1280, 1440 px; both themes; no detected horizontal page overflow","Runtime, assets, IDs and form-label render checks; links/anchors checked, not every action manually exercised",routes/checks.json; inventory.json; test-results.json; automated render only,No detected route/render failure. Manual and assistive-technology review is not exhaustive.
/body-recomposition-explained.html,article,global,Automated rendering only; not manually visually inspected,Automated repetition/terminology scan; necessary disclosures retained. Body not substantively rewritten.,"Canonical/indexability, title/description, links, heading and reciprocal-equivalent hreflang checks passed","Edge render: 320, 390, 768, 1280, 1440 px; both themes; no detected horizontal page overflow","Runtime, assets, IDs and form-label render checks; links/anchors checked, not every action manually exercised",routes/checks.json; inventory.json; test-results.json; automated render only,No detected route/render failure. Manual and assistive-technology review is not exhaustive.
/breakfast-bacon-format-sodium-cross-chain.html,article,global,Automated rendering only; not manually visually inspected,Automated repetition/terminology scan; necessary disclosures retained. Body not substantively rewritten.,"Canonical/indexability, title/description, links, heading and reciprocal-equivalent hreflang checks passed","Edge render: 320, 390, 768, 1280, 1440 px; both themes; no detected horizontal page overflow","Runtime, assets, IDs and form-label render checks; links/anchors checked, not every action manually exercised",routes/checks.json; inventory.json; test-results.json; automated render only,No detected route/render failure. Manual and assistive-technology review is not exhaustive.
/breakfast-dataset-not-opening-hours.html,article,global,Automated rendering only; not manually visually inspected,"Individually improved; examples, source links and URL retained","Canonical/indexability, title/description, links, heading and reciprocal-equivalent hreflang checks passed","Edge render: 320, 390, 768, 1280, 1440 px; both themes; no detected horizontal page overflow","Runtime, assets, IDs and form-label render checks; links/anchors checked, not every action manually exercised",routes/checks.json; inventory.json; test-results.json; automated render only,No detected route/render failure. Manual and assistive-technology review is not exhaustive.
/breakfast-drinks-and-add-ons.html,article,global,Automated rendering only; not manually visually inspected,Automated repetition/terminology scan; necessary disclosures retained. Body not substantively rewritten.,"Canonical/indexability, title/description, links, heading and reciprocal-equivalent hreflang checks passed","Edge render: 320, 390, 768, 1280, 1440 px; both themes; no detected horizontal page overflow","Runtime, assets, IDs and form-label render checks; links/anchors checked, not every action manually exercised",routes/checks.json; inventory.json; test-results.json; automated render only,No detected route/render failure. Manual and assistive-technology review is not exhaustive.
/breakfast-food-vs-combo-menu.html,article,global,Automated rendering only; not manually visually inspected,Automated repetition/terminology scan; necessary disclosures retained. Body not substantively rewritten.,"Canonical/indexability, title/description, links, heading and reciprocal-equivalent hreflang checks passed","Edge render: 320, 390, 768, 1280, 1440 px; both themes; no detected horizontal page overflow","Runtime, assets, IDs and form-label render checks; links/anchors checked, not every action manually exercised",routes/checks.json; inventory.json; test-results.json; automated render only,No detected route/render failure. Manual and assistive-technology review is not exhaustive.
/breakfast-sandwich-half-not-half-protein.html,article,global,Automated rendering only; not manually visually inspected,Automated repetition/terminology scan; necessary disclosures retained. Body not substantively rewritten.,"Canonical/indexability, title/description, links, heading and reciprocal-equivalent hreflang checks passed","Edge render: 320, 390, 768, 1280, 1440 px; both themes; no detected horizontal page overflow","Runtime, assets, IDs and form-label render checks; links/anchors checked, not every action manually exercised",routes/checks.json; inventory.json; test-results.json; automated render only,No detected route/render failure. Manual and assistive-technology review is not exhaustive.
/breakfast-two-items-not-one-entry.html,article,global,Automated rendering only; not manually visually inspected,Automated repetition/terminology scan; necessary disclosures retained. Body not substantively rewritten.,"Canonical/indexability, title/description, links, heading and reciprocal-equivalent hreflang checks passed","Edge render: 320, 390, 768, 1280, 1440 px; both themes; no detected horizontal page overflow","Runtime, assets, IDs and form-label render checks; links/anchors checked, not every action manually exercised",routes/checks.json; inventory.json; test-results.json; automated render only,No detected route/render failure. Manual and assistive-technology review is not exhaustive.
/breakfast-yogurt-topping-layer.html,article,global,Automated rendering only; not manually visually inspected,Automated repetition/terminology scan; necessary disclosures retained. Body not substantively rewritten.,"Canonical/indexability, title/description, links, heading and reciprocal-equivalent hreflang checks passed","Edge render: 320, 390, 768, 1280, 1440 px; both themes; no detected horizontal page overflow","Runtime, assets, IDs and form-label render checks; links/anchors checked, not every action manually exercised",routes/checks.json; inventory.json; test-results.json; automated render only,No detected route/render failure. Manual and assistive-technology review is not exhaustive.
/budget-meal-builder.html,meal-ideas,global,Automated rendering only; not manually visually inspected,Automated repetition/terminology scan; necessary disclosures retained. Body not substantively rewritten.,"Canonical/indexability, title/description, links, heading and reciprocal-equivalent hreflang checks passed","Edge render: 320, 390, 768, 1280, 1440 px; both themes; no detected horizontal page overflow","Runtime, assets, IDs and form-label render checks; links/anchors checked, not every action manually exercised",routes/checks.json; inventory.json; test-results.json; automated render only,No detected route/render failure. Manual and assistive-technology review is not exhaustive.
/burger-variants-not-nine-base-burgers.html,article,global,Automated rendering only; not manually visually inspected,"Individually improved; examples, source links and URL retained","Canonical/indexability, title/description, links, heading and reciprocal-equivalent hreflang checks passed","Edge render: 320, 390, 768, 1280, 1440 px; both themes; no detected horizontal page overflow","Runtime, assets, IDs and form-label render checks; links/anchors checked, not every action manually exercised",routes/checks.json; inventory.json; test-results.json; automated render only,No detected route/render failure. Manual and assistive-technology review is not exhaustive.
/burrito-wrap-cross-chain-no-size-standard.html,article,global,Automated rendering only; not manually visually inspected,Automated repetition/terminology scan; necessary disclosures retained. Body not substantively rewritten.,"Canonical/indexability, title/description, links, heading and reciprocal-equivalent hreflang checks passed","Edge render: 320, 390, 768, 1280, 1440 px; both themes; no detected horizontal page overflow","Runtime, assets, IDs and form-label render checks; links/anchors checked, not every action manually exercised",routes/checks.json; inventory.json; test-results.json; automated render only,No detected route/render failure. Manual and assistive-technology review is not exhaustive.
/calculate-macros-mixed-bowl.html,article,global,Automated rendering only; not manually visually inspected,Automated repetition/terminology scan; necessary disclosures retained. Body not substantively rewritten.,"Canonical/indexability, title/description, links, heading and reciprocal-equivalent hreflang checks passed","Edge render: 320, 390, 768, 1280, 1440 px; both themes; no detected horizontal page overflow","Runtime, assets, IDs and form-label render checks; links/anchors checked, not every action manually exercised",routes/checks.json; inventory.json; test-results.json; automated render only,No detected route/render failure. Manual and assistive-technology review is not exhaustive.
/calculator-activity-choice-sensitivity.html,article,global,Automated rendering only; not manually visually inspected,Automated repetition/terminology scan; necessary disclosures retained. Body not substantively rewritten.,"Canonical/indexability, title/description, links, heading and reciprocal-equivalent hreflang checks passed","Edge render: 320, 390, 768, 1280, 1440 px; both themes; no detected horizontal page overflow","Runtime, assets, IDs and form-label render checks; links/anchors checked, not every action manually exercised",routes/checks.json; inventory.json; test-results.json; automated render only,No detected route/render failure. Manual and assistive-technology review is not exhaustive.
/calculator-height-feet-inches-not-decimal.html,article,global,Automated rendering only; not manually visually inspected,Automated repetition/terminology scan; necessary disclosures retained. Body not substantively rewritten.,"Canonical/indexability, title/description, links, heading and reciprocal-equivalent hreflang checks passed","Edge render: 320, 390, 768, 1280, 1440 px; both themes; no detected horizontal page overflow","Runtime, assets, IDs and form-label render checks; links/anchors checked, not every action manually exercised",routes/checks.json; inventory.json; test-results.json; automated render only,No detected route/render failure. Manual and assistive-technology review is not exhaustive.
/calculator-input-basis-checklist.html,article,global,Automated rendering only; not manually visually inspected,Automated repetition/terminology scan; necessary disclosures retained. Body not substantively rewritten.,"Canonical/indexability, title/description, links, heading and reciprocal-equivalent hreflang checks passed","Edge render: 320, 390, 768, 1280, 1440 px; both themes; no detected horizontal page overflow","Runtime, assets, IDs and form-label render checks; links/anchors checked, not every action manually exercised",routes/checks.json; inventory.json; test-results.json; automated render only,No detected route/render failure. Manual and assistive-technology review is not exhaustive.
/calculator-positive-inputs-zero-nutrition.html,article,global,Automated rendering only; not manually visually inspected,Automated repetition/terminology scan; necessary disclosures retained. Body not substantively rewritten.,"Canonical/indexability, title/description, links, heading and reciprocal-equivalent hreflang checks passed","Edge render: 320, 390, 768, 1280, 1440 px; both themes; no detected horizontal page overflow","Runtime, assets, IDs and form-label render checks; links/anchors checked, not every action manually exercised",routes/checks.json; inventory.json; test-results.json; automated render only,No detected route/render failure. Manual and assistive-technology review is not exhaustive.
/calculator-pound-kilogram-entry.html,article,global,Automated rendering only; not manually visually inspected,Automated repetition/terminology scan; necessary disclosures retained. Body not substantively rewritten.,"Canonical/indexability, title/description, links, heading and reciprocal-equivalent hreflang checks passed","Edge render: 320, 390, 768, 1280, 1440 px; both themes; no detected horizontal page overflow","Runtime, assets, IDs and form-label render checks; links/anchors checked, not every action manually exercised",routes/checks.json; inventory.json; test-results.json; automated render only,No detected route/render failure. Manual and assistive-technology review is not exhaustive.
/calculator-round-at-end.html,article,global,Automated rendering only; not manually visually inspected,Automated repetition/terminology scan; necessary disclosures retained. Body not substantively rewritten.,"Canonical/indexability, title/description, links, heading and reciprocal-equivalent hreflang checks passed","Edge render: 320, 390, 768, 1280, 1440 px; both themes; no detected horizontal page overflow","Runtime, assets, IDs and form-label render checks; links/anchors checked, not every action manually exercised",routes/checks.json; inventory.json; test-results.json; automated render only,No detected route/render failure. Manual and assistive-technology review is not exhaustive.
/calculators.html,calculator-hub,global,Manual screenshot review of stated files: journeys/calculator-chromium-light-390.png,Task copy or methodology corrected,"Canonical/indexability, title/description, links, heading and reciprocal-equivalent hreflang checks passed","Edge render: 320, 390, 768, 1280, 1440 px; both themes; no detected horizontal page overflow","Journey exercised in Edge/WebKit, both themes, 390/1440; see journeys/checks.json",routes/checks.json; inventory.json; test-results.json; journeys/calculator-chromium-light-390.png,No detected route/render failure. Manual and assistive-technology review is not exhaustive.
/calorie-range-menu-reading.html,article,global,Automated rendering only; not manually visually inspected,Automated repetition/terminology scan; necessary disclosures retained. Body not substantively rewritten.,"Canonical/indexability, title/description, links, heading and reciprocal-equivalent hreflang checks passed","Edge render: 320, 390, 768, 1280, 1440 px; both themes; no detected horizontal page overflow","Runtime, assets, IDs and form-label render checks; links/anchors checked, not every action manually exercised",routes/checks.json; inventory.json; test-results.json; automated render only,No detected route/render failure. Manual and assistive-technology review is not exhaustive.
/calorie-tool-output-reverse-check.html,article,global,Automated rendering only; not manually visually inspected,Automated repetition/terminology scan; necessary disclosures retained. Body not substantively rewritten.,"Canonical/indexability, title/description, links, heading and reciprocal-equivalent hreflang checks passed","Edge render: 320, 390, 768, 1280, 1440 px; both themes; no detected horizontal page overflow","Runtime, assets, IDs and form-label render checks; links/anchors checked, not every action manually exercised",routes/checks.json; inventory.json; test-results.json; automated render only,No detected route/render failure. Manual and assistive-technology review is not exhaustive.
/calorie-units-kcal-kilojoules.html,article,global,Automated rendering only; not manually visually inspected,Automated repetition/terminology scan; necessary disclosures retained. Body not substantively rewritten.,"Canonical/indexability, title/description, links, heading and reciprocal-equivalent hreflang checks passed","Edge render: 320, 390, 768, 1280, 1440 px; both themes; no detected horizontal page overflow","Runtime, assets, IDs and form-label render checks; links/anchors checked, not every action manually exercised",routes/checks.json; inventory.json; test-results.json; automated render only,No detected route/render failure. Manual and assistive-technology review is not exhaustive.
/calories-in-multi-serving-packages.html,article,global,Automated rendering only; not manually visually inspected,Automated repetition/terminology scan; necessary disclosures retained. Body not substantively rewritten.,"Canonical/indexability, title/description, links, heading and reciprocal-equivalent hreflang checks passed","Edge render: 320, 390, 768, 1280, 1440 px; both themes; no detected horizontal page overflow","Runtime, assets, IDs and form-label render checks; links/anchors checked, not every action manually exercised",routes/checks.json; inventory.json; test-results.json; automated render only,No detected route/render failure. Manual and assistive-technology review is not exhaustive.
/calories-on-rest-days.html,article,global,Automated rendering only; not manually visually inspected,Automated repetition/terminology scan; necessary disclosures retained. Body not substantively rewritten.,"Canonical/indexability, title/description, links, heading and reciprocal-equivalent hreflang checks passed","Edge render: 320, 390, 768, 1280, 1440 px; both themes; no detected horizontal page overflow","Runtime, assets, IDs and form-label render checks; links/anchors checked, not every action manually exercised",routes/checks.json; inventory.json; test-results.json; automated render only,No detected route/render failure. Manual and assistive-technology review is not exhaustive.
/calories-vs-macros-what-matters-more.html,article,global,Automated rendering only; not manually visually inspected,Automated repetition/terminology scan; necessary disclosures retained. Body not substantively rewritten.,"Canonical/indexability, title/description, links, heading and reciprocal-equivalent hreflang checks passed","Edge render: 320, 390, 768, 1280, 1440 px; both themes; no detected horizontal page overflow","Runtime, assets, IDs and form-label render checks; links/anchors checked, not every action manually exercised",routes/checks.json; inventory.json; test-results.json; automated render only,No detected route/render failure. Manual and assistive-technology review is not exhaustive.
/can-you-build-muscle-in-a-calorie-deficit.html,article,global,Automated rendering only; not manually visually inspected,Automated repetition/terminology scan; necessary disclosures retained. Body not substantively rewritten.,"Canonical/indexability, title/description, links, heading and reciprocal-equivalent hreflang checks passed","Edge render: 320, 390, 768, 1280, 1440 px; both themes; no detected horizontal page overflow","Runtime, assets, IDs and form-label render checks; links/anchors checked, not every action manually exercised",routes/checks.json; inventory.json; test-results.json; automated render only,No detected route/render failure. Manual and assistive-technology review is not exhaustive.
/carbohydrate-label-portion-tool.html,calculator,global,Automated rendering only; not manually visually inspected,Automated repetition/terminology scan; necessary disclosures retained. Body not substantively rewritten.,"Canonical/indexability, title/description, links, heading and reciprocal-equivalent hreflang checks passed","Edge render: 320, 390, 768, 1280, 1440 px; both themes; no detected horizontal page overflow","Runtime, assets, IDs and form-label render checks; links/anchors checked, not every action manually exercised",routes/checks.json; inventory.json; test-results.json; automated render only,No detected route/render failure. Manual and assistive-technology review is not exhaustive.
/carbs.html,article,global,Automated rendering only; not manually visually inspected,Automated repetition/terminology scan; necessary disclosures retained. Body not substantively rewritten.,"Canonical/indexability, title/description, links, heading and reciprocal-equivalent hreflang checks passed","Edge render: 320, 390, 768, 1280, 1440 px; both themes; no detected horizontal page overflow","Runtime, assets, IDs and form-label render checks; links/anchors checked, not every action manually exercised",routes/checks.json; inventory.json; test-results.json; automated render only,No detected route/render failure. Manual and assistive-technology review is not exhaustive.
/cava-healthy-meals-macros.html,restaurant,US,Automated rendering only; not manually visually inspected,Lead paragraphs read; duplicate comparison introductions removed where repeated below,"Canonical/indexability, title/description, links, heading and reciprocal-equivalent hreflang checks passed","Edge render: 320, 390, 768, 1280, 1440 px; both themes; no detected horizontal page overflow","Runtime, assets, IDs and form-label render checks; links/anchors checked, not every action manually exercised",routes/checks.json; inventory.json; test-results.json; automated render only,40 U.S. finder records still have missing core macros; see data-gaps.json. Not all U.S. data reverified this release.
/chick-fil-a-healthy-meals-macros.html,restaurant,US,Automated rendering only; not manually visually inspected,Lead paragraphs read; duplicate comparison introductions removed where repeated below,"Canonical/indexability, title/description, links, heading and reciprocal-equivalent hreflang checks passed","Edge render: 320, 390, 768, 1280, 1440 px; both themes; no detected horizontal page overflow","Runtime, assets, IDs and form-label render checks; links/anchors checked, not every action manually exercised",routes/checks.json; inventory.json; test-results.json; automated render only,40 U.S. finder records still have missing core macros; see data-gaps.json. Not all U.S. data reverified this release.
/chick-fil-a-vs-popeyes-chicken.html,article,global,Automated rendering only; not manually visually inspected,Automated repetition/terminology scan; necessary disclosures retained. Body not substantively rewritten.,"Canonical/indexability, title/description, links, heading and reciprocal-equivalent hreflang checks passed","Edge render: 320, 390, 768, 1280, 1440 px; both themes; no detected horizontal page overflow","Runtime, assets, IDs and form-label render checks; links/anchors checked, not every action manually exercised",routes/checks.json; inventory.json; test-results.json; automated render only,No detected route/render failure. Manual and assistive-technology review is not exhaustive.
/chipotle-healthy-meals-macros.html,restaurant,US,Automated rendering only; not manually visually inspected,Lead paragraphs read; duplicate comparison introductions removed where repeated below,"Canonical/indexability, title/description, links, heading and reciprocal-equivalent hreflang checks passed","Edge render: 320, 390, 768, 1280, 1440 px; both themes; no detected horizontal page overflow","Runtime, assets, IDs and form-label render checks; links/anchors checked, not every action manually exercised",routes/checks.json; inventory.json; test-results.json; automated render only,40 U.S. finder records still have missing core macros; see data-gaps.json. Not all U.S. data reverified this release.
/chipotle-rice-beans-nutrition.html,article,global,Automated rendering only; not manually visually inspected,Automated repetition/terminology scan; necessary disclosures retained. Body not substantively rewritten.,"Canonical/indexability, title/description, links, heading and reciprocal-equivalent hreflang checks passed","Edge render: 320, 390, 768, 1280, 1440 px; both themes; no detected horizontal page overflow","Runtime, assets, IDs and form-label render checks; links/anchors checked, not every action manually exercised",routes/checks.json; inventory.json; test-results.json; automated render only,No detected route/render failure. Manual and assistive-technology review is not exhaustive.
/chipotle-toppings-nutrition.html,article,global,Automated rendering only; not manually visually inspected,Automated repetition/terminology scan; necessary disclosures retained. Body not substantively rewritten.,"Canonical/indexability, title/description, links, heading and reciprocal-equivalent hreflang checks passed","Edge render: 320, 390, 768, 1280, 1440 px; both themes; no detected horizontal page overflow","Runtime, assets, IDs and form-label render checks; links/anchors checked, not every action manually exercised",routes/checks.json; inventory.json; test-results.json; automated render only,No detected route/render failure. Manual and assistive-technology review is not exhaustive.
/chipotle-vs-cava-chicken-bowls.html,article,global,Automated rendering only; not manually visually inspected,Automated repetition/terminology scan; necessary disclosures retained. Body not substantively rewritten.,"Canonical/indexability, title/description, links, heading and reciprocal-equivalent hreflang checks passed","Edge render: 320, 390, 768, 1280, 1440 px; both themes; no detected horizontal page overflow","Runtime, assets, IDs and form-label render checks; links/anchors checked, not every action manually exercised",routes/checks.json; inventory.json; test-results.json; automated render only,No detected route/render failure. Manual and assistive-technology review is not exhaustive.
/choose-fooddata-central-entry.html,article,global,Automated rendering only; not manually visually inspected,Automated repetition/terminology scan; necessary disclosures retained. Body not substantively rewritten.,"Canonical/indexability, title/description, links, heading and reciprocal-equivalent hreflang checks passed","Edge render: 320, 390, 768, 1280, 1440 px; both themes; no detected horizontal page overflow","Runtime, assets, IDs and form-label render checks; links/anchors checked, not every action manually exercised",routes/checks.json; inventory.json; test-results.json; automated render only,No detected route/render failure. Manual and assistive-technology review is not exhaustive.
/compare-complete-restaurant-orders.html,article,global,Automated rendering only; not manually visually inspected,Automated repetition/terminology scan; necessary disclosures retained. Body not substantively rewritten.,"Canonical/indexability, title/description, links, heading and reciprocal-equivalent hreflang checks passed","Edge render: 320, 390, 768, 1280, 1440 px; both themes; no detected horizontal page overflow","Runtime, assets, IDs and form-label render checks; links/anchors checked, not every action manually exercised",routes/checks.json; inventory.json; test-results.json; automated render only,No detected route/render failure. Manual and assistive-technology review is not exhaustive.
/contact.html,contact,global,Manual screenshot review of stated files: additional/contact-light-390.png,Automated repetition/terminology scan; necessary disclosures retained. Body not substantively rewritten.,"Canonical/indexability, title/description, links, heading and reciprocal-equivalent hreflang checks passed","Edge render: 320, 390, 768, 1280, 1440 px; both themes; no detected horizontal page overflow","Runtime, assets, IDs and form-label render checks; links/anchors checked, not every action manually exercised",routes/checks.json; inventory.json; test-results.json; additional/contact-light-390.png,No detected route/render failure. Manual and assistive-technology review is not exhaustive.
/corrections.html,trust,global,Automated rendering only; not manually visually inspected,Automated repetition/terminology scan; necessary disclosures retained. Body not substantively rewritten.,"Canonical/indexability, title/description, links, heading and reciprocal-equivalent hreflang checks passed","Edge render: 320, 390, 768, 1280, 1440 px; both themes; no detected horizontal page overflow","Runtime, assets, IDs and form-label render checks; links/anchors checked, not every action manually exercised",routes/checks.json; inventory.json; test-results.json; automated render only,No detected route/render failure. Manual and assistive-technology review is not exhaustive.
/cross-chain-bean-burritos-serving-proof.html,article,global,Automated rendering only; not manually visually inspected,Automated repetition/terminology scan; necessary disclosures retained. Body not substantively rewritten.,"Canonical/indexability, title/description, links, heading and reciprocal-equivalent hreflang checks passed","Edge render: 320, 390, 768, 1280, 1440 px; both themes; no detected horizontal page overflow","Runtime, assets, IDs and form-label render checks; links/anchors checked, not every action manually exercised",routes/checks.json; inventory.json; test-results.json; automated render only,No detected route/render failure. Manual and assistive-technology review is not exhaustive.
/cross-chain-breakfast-ham-formats.html,article,global,Automated rendering only; not manually visually inspected,Automated repetition/terminology scan; necessary disclosures retained. Body not substantively rewritten.,"Canonical/indexability, title/description, links, heading and reciprocal-equivalent hreflang checks passed","Edge render: 320, 390, 768, 1280, 1440 px; both themes; no detected horizontal page overflow","Runtime, assets, IDs and form-label render checks; links/anchors checked, not every action manually exercised",routes/checks.json; inventory.json; test-results.json; automated render only,No detected route/render failure. Manual and assistive-technology review is not exhaustive.
/cross-chain-chicken-soup-no-sodium-assumption.html,article,global,Automated rendering only; not manually visually inspected,Automated repetition/terminology scan; necessary disclosures retained. Body not substantively rewritten.,"Canonical/indexability, title/description, links, heading and reciprocal-equivalent hreflang checks passed","Edge render: 320, 390, 768, 1280, 1440 px; both themes; no detected horizontal page overflow","Runtime, assets, IDs and form-label render checks; links/anchors checked, not every action manually exercised",routes/checks.json; inventory.json; test-results.json; automated render only,No detected route/render failure. Manual and assistive-technology review is not exhaustive.
/cross-chain-melt-sandwich-orders.html,article,global,Automated rendering only; not manually visually inspected,Automated repetition/terminology scan; necessary disclosures retained. Body not substantively rewritten.,"Canonical/indexability, title/description, links, heading and reciprocal-equivalent hreflang checks passed","Edge render: 320, 390, 768, 1280, 1440 px; both themes; no detected horizontal page overflow","Runtime, assets, IDs and form-label render checks; links/anchors checked, not every action manually exercised",routes/checks.json; inventory.json; test-results.json; automated render only,No detected route/render failure. Manual and assistive-technology review is not exhaustive.
/culvers-chicken-grilled-crispy-spicy.html,article,global,Automated rendering only; not manually visually inspected,Automated repetition/terminology scan; necessary disclosures retained. Body not substantively rewritten.,"Canonical/indexability, title/description, links, heading and reciprocal-equivalent hreflang checks passed","Edge render: 320, 390, 768, 1280, 1440 px; both themes; no detected horizontal page overflow","Runtime, assets, IDs and form-label render checks; links/anchors checked, not every action manually exercised",routes/checks.json; inventory.json; test-results.json; automated render only,No detected route/render failure. Manual and assistive-technology review is not exhaustive.
/culvers-dinner-name-side-footnote.html,article,global,Automated rendering only; not manually visually inspected,Automated repetition/terminology scan; necessary disclosures retained. Body not substantively rewritten.,"Canonical/indexability, title/description, links, heading and reciprocal-equivalent hreflang checks passed","Edge render: 320, 390, 768, 1280, 1440 px; both themes; no detected horizontal page overflow","Runtime, assets, IDs and form-label render checks; links/anchors checked, not every action manually exercised",routes/checks.json; inventory.json; test-results.json; automated render only,No detected route/render failure. Manual and assistive-technology review is not exhaustive.
/culvers-nutrition-guide.html,restaurant,US,Automated rendering only; not manually visually inspected,Lead paragraphs read; duplicate comparison introductions removed where repeated below,"Canonical/indexability, title/description, links, heading and reciprocal-equivalent hreflang checks passed","Edge render: 320, 390, 768, 1280, 1440 px; both themes; no detected horizontal page overflow","Runtime, assets, IDs and form-label render checks; links/anchors checked, not every action manually exercised",routes/checks.json; inventory.json; test-results.json; automated render only,40 U.S. finder records still have missing core macros; see data-gaps.json. Not all U.S. data reverified this release.
/cutting-bulking-maintenance-explained.html,article,global,Automated rendering only; not manually visually inspected,Automated repetition/terminology scan; necessary disclosures retained. Body not substantively rewritten.,"Canonical/indexability, title/description, links, heading and reciprocal-equivalent hreflang checks passed","Edge render: 320, 390, 768, 1280, 1440 px; both themes; no detected horizontal page overflow","Runtime, assets, IDs and form-label render checks; links/anchors checked, not every action manually exercised",routes/checks.json; inventory.json; test-results.json; automated render only,No detected route/render failure. Manual and assistive-technology review is not exhaustive.
/del-taco-bean-burrito-vs-veggie-burrito.html,article,global,Automated rendering only; not manually visually inspected,Automated repetition/terminology scan; necessary disclosures retained. Body not substantively rewritten.,"Canonical/indexability, title/description, links, heading and reciprocal-equivalent hreflang checks passed","Edge render: 320, 390, 768, 1280, 1440 px; both themes; no detected horizontal page overflow","Runtime, assets, IDs and form-label render checks; links/anchors checked, not every action manually exercised",routes/checks.json; inventory.json; test-results.json; automated render only,No detected route/render failure. Manual and assistive-technology review is not exhaustive.
/del-taco-nutrition-guide.html,restaurant,US,Automated rendering only; not manually visually inspected,Lead paragraphs read; duplicate comparison introductions removed where repeated below,"Canonical/indexability, title/description, links, heading and reciprocal-equivalent hreflang checks passed","Edge render: 320, 390, 768, 1280, 1440 px; both themes; no detected horizontal page overflow","Runtime, assets, IDs and form-label render checks; links/anchors checked, not every action manually exercised",routes/checks.json; inventory.json; test-results.json; automated render only,40 U.S. finder records still have missing core macros; see data-gaps.json. Not all U.S. data reverified this release.
/del-taco-two-street-tacos-vs-burrito.html,article,global,Automated rendering only; not manually visually inspected,Automated repetition/terminology scan; necessary disclosures retained. Body not substantively rewritten.,"Canonical/indexability, title/description, links, heading and reciprocal-equivalent hreflang checks passed","Edge render: 320, 390, 768, 1280, 1440 px; both themes; no detected horizontal page overflow","Runtime, assets, IDs and form-label render checks; links/anchors checked, not every action manually exercised",routes/checks.json; inventory.json; test-results.json; automated render only,No detected route/render failure. Manual and assistive-technology review is not exhaustive.
/does-creatine-cause-hair-loss.html,article,global,Automated rendering only; not manually visually inspected,Automated repetition/terminology scan; necessary disclosures retained. Body not substantively rewritten.,"Canonical/indexability, title/description, links, heading and reciprocal-equivalent hreflang checks passed","Edge render: 320, 390, 768, 1280, 1440 px; both themes; no detected horizontal page overflow","Runtime, assets, IDs and form-label render checks; links/anchors checked, not every action manually exercised",routes/checks.json; inventory.json; test-results.json; automated render only,No detected route/render failure. Manual and assistive-technology review is not exhaustive.
/drained-weight-nutrition-label.html,article,global,Automated rendering only; not manually visually inspected,Automated repetition/terminology scan; necessary disclosures retained. Body not substantively rewritten.,"Canonical/indexability, title/description, links, heading and reciprocal-equivalent hreflang checks passed","Edge render: 320, 390, 768, 1280, 1440 px; both themes; no detected horizontal page overflow","Runtime, assets, IDs and form-label render checks; links/anchors checked, not every action manually exercised",routes/checks.json; inventory.json; test-results.json; automated render only,No detected route/render failure. Manual and assistive-technology review is not exhaustive.
/dunkin-healthy-breakfast-macros.html,restaurant,US,Automated rendering only; not manually visually inspected,Lead paragraphs read; duplicate comparison introductions removed where repeated below,"Canonical/indexability, title/description, links, heading and reciprocal-equivalent hreflang checks passed","Edge render: 320, 390, 768, 1280, 1440 px; both themes; no detected horizontal page overflow","Runtime, assets, IDs and form-label render checks; links/anchors checked, not every action manually exercised",routes/checks.json; inventory.json; test-results.json; automated render only,40 U.S. finder records still have missing core macros; see data-gaps.json. Not all U.S. data reverified this release.
/edible-portion-vs-purchased-weight.html,article,global,Automated rendering only; not manually visually inspected,Automated repetition/terminology scan; necessary disclosures retained. Body not substantively rewritten.,"Canonical/indexability, title/description, links, heading and reciprocal-equivalent hreflang checks passed","Edge render: 320, 390, 768, 1280, 1440 px; both themes; no detected horizontal page overflow","Runtime, assets, IDs and form-label render checks; links/anchors checked, not every action manually exercised",routes/checks.json; inventory.json; test-results.json; automated render only,No detected route/render failure. Manual and assistive-technology review is not exhaustive.
/editorial-policy.html,trust,global,Automated rendering only; not manually visually inspected,Automated repetition/terminology scan; necessary disclosures retained. Body not substantively rewritten.,"Canonical/indexability, title/description, links, heading and reciprocal-equivalent hreflang checks passed","Edge render: 320, 390, 768, 1280, 1440 px; both themes; no detected horizontal page overflow","Runtime, assets, IDs and form-label render checks; links/anchors checked, not every action manually exercised",routes/checks.json; inventory.json; test-results.json; automated render only,No detected route/render failure. Manual and assistive-technology review is not exhaustive.
/el-pollo-loco-bowls-protein-bigger-build.html,article,global,Automated rendering only; not manually visually inspected,Automated repetition/terminology scan; necessary disclosures retained. Body not substantively rewritten.,"Canonical/indexability, title/description, links, heading and reciprocal-equivalent hreflang checks passed","Edge render: 320, 390, 768, 1280, 1440 px; both themes; no detected horizontal page overflow","Runtime, assets, IDs and form-label render checks; links/anchors checked, not every action manually exercised",routes/checks.json; inventory.json; test-results.json; automated render only,No detected route/render failure. Manual and assistive-technology review is not exhaustive.
/el-pollo-loco-nutrition-guide.html,restaurant,US,Automated rendering only; not manually visually inspected,Lead paragraphs read; duplicate comparison introductions removed where repeated below,"Canonical/indexability, title/description, links, heading and reciprocal-equivalent hreflang checks passed","Edge render: 320, 390, 768, 1280, 1440 px; both themes; no detected horizontal page overflow","Runtime, assets, IDs and form-label render checks; links/anchors checked, not every action manually exercised",routes/checks.json; inventory.json; test-results.json; automated render only,40 U.S. finder records still have missing core macros; see data-gaps.json. Not all U.S. data reverified this release.
/el-pollo-loco-salad-dressing-boundary.html,article,global,Automated rendering only; not manually visually inspected,Automated repetition/terminology scan; necessary disclosures retained. Body not substantively rewritten.,"Canonical/indexability, title/description, links, heading and reciprocal-equivalent hreflang checks passed","Edge render: 320, 390, 768, 1280, 1440 px; both themes; no detected horizontal page overflow","Runtime, assets, IDs and form-label render checks; links/anchors checked, not every action manually exercised",routes/checks.json; inventory.json; test-results.json; automated render only,No detected route/render failure. Manual and assistive-technology review is not exhaustive.
/el-pollo-loco-tortilla-complete-chicken-meal.html,article,global,Automated rendering only; not manually visually inspected,Automated repetition/terminology scan; necessary disclosures retained. Body not substantively rewritten.,"Canonical/indexability, title/description, links, heading and reciprocal-equivalent hreflang checks passed","Edge render: 320, 390, 768, 1280, 1440 px; both themes; no detected horizontal page overflow","Runtime, assets, IDs and form-label render checks; links/anchors checked, not every action manually exercised",routes/checks.json; inventory.json; test-results.json; automated render only,No detected route/render failure. Manual and assistive-technology review is not exhaustive.
/equal-calories-different-macros-menu.html,article,global,Automated rendering only; not manually visually inspected,Automated repetition/terminology scan; necessary disclosures retained. Body not substantively rewritten.,"Canonical/indexability, title/description, links, heading and reciprocal-equivalent hreflang checks passed","Edge render: 320, 390, 768, 1280, 1440 px; both themes; no detected horizontal page overflow","Runtime, assets, IDs and form-label render checks; links/anchors checked, not every action manually exercised",routes/checks.json; inventory.json; test-results.json; automated render only,No detected route/render failure. Manual and assistive-technology review is not exhaustive.
/equal-tax-protein-value-ranking.html,article,global,Automated rendering only; not manually visually inspected,Automated repetition/terminology scan; necessary disclosures retained. Body not substantively rewritten.,"Canonical/indexability, title/description, links, heading and reciprocal-equivalent hreflang checks passed","Edge render: 320, 390, 768, 1280, 1440 px; both themes; no detected horizontal page overflow","Runtime, assets, IDs and form-label render checks; links/anchors checked, not every action manually exercised",routes/checks.json; inventory.json; test-results.json; automated render only,No detected route/render failure. Manual and assistive-technology review is not exhaustive.
/exact-fiber-coverage-denominator.html,article,global,Automated rendering only; not manually visually inspected,"Individually improved; examples, source links and URL retained","Canonical/indexability, title/description, links, heading and reciprocal-equivalent hreflang checks passed","Edge render: 320, 390, 768, 1280, 1440 px; both themes; no detected horizontal page overflow","Runtime, assets, IDs and form-label render checks; links/anchors checked, not every action manually exercised",routes/checks.json; inventory.json; test-results.json; automated render only,No detected route/render failure. Manual and assistive-technology review is not exhaustive.
/fast-food-breakfast-protein-comparison.html,article,global,Automated rendering only; not manually visually inspected,Automated repetition/terminology scan; necessary disclosures retained. Body not substantively rewritten.,"Canonical/indexability, title/description, links, heading and reciprocal-equivalent hreflang checks passed","Edge render: 320, 390, 768, 1280, 1440 px; both themes; no detected horizontal page overflow","Runtime, assets, IDs and form-label render checks; links/anchors checked, not every action manually exercised",routes/checks.json; inventory.json; test-results.json; automated render only,No detected route/render failure. Manual and assistive-technology review is not exhaustive.
/fast-food-fiber-and-protein.html,article,global,Automated rendering only; not manually visually inspected,Automated repetition/terminology scan; necessary disclosures retained. Body not substantively rewritten.,"Canonical/indexability, title/description, links, heading and reciprocal-equivalent hreflang checks passed","Edge render: 320, 390, 768, 1280, 1440 px; both themes; no detected horizontal page overflow","Runtime, assets, IDs and form-label render checks; links/anchors checked, not every action manually exercised",routes/checks.json; inventory.json; test-results.json; automated render only,No detected route/render failure. Manual and assistive-technology review is not exhaustive.
/fast-food-meals-500-to-700-calories.html,article,global,Automated rendering only; not manually visually inspected,Automated repetition/terminology scan; necessary disclosures retained. Body not substantively rewritten.,"Canonical/indexability, title/description, links, heading and reciprocal-equivalent hreflang checks passed","Edge render: 320, 390, 768, 1280, 1440 px; both themes; no detected horizontal page overflow","Runtime, assets, IDs and form-label render checks; links/anchors checked, not every action manually exercised",routes/checks.json; inventory.json; test-results.json; automated render only,No detected route/render failure. Manual and assistive-technology review is not exhaustive.
/fast-food-nutrition-data-report.html,article,global,Automated rendering only; not manually visually inspected,Task copy or methodology corrected,"Canonical/indexability, title/description, links, heading and reciprocal-equivalent hreflang checks passed","Edge render: 320, 390, 768, 1280, 1440 px; both themes; no detected horizontal page overflow","Runtime, assets, IDs and form-label render checks; links/anchors checked, not every action manually exercised",routes/checks.json; inventory.json; test-results.json; automated render only,No detected route/render failure. Manual and assistive-technology review is not exhaustive.
/fast-food-protein-and-sodium.html,article,global,Automated rendering only; not manually visually inspected,Automated repetition/terminology scan; necessary disclosures retained. Body not substantively rewritten.,"Canonical/indexability, title/description, links, heading and reciprocal-equivalent hreflang checks passed","Edge render: 320, 390, 768, 1280, 1440 px; both themes; no detected horizontal page overflow","Runtime, assets, IDs and form-label render checks; links/anchors checked, not every action manually exercised",routes/checks.json; inventory.json; test-results.json; automated render only,No detected route/render failure. Manual and assistive-technology review is not exhaustive.
/fast-food-under-1000mg-sodium.html,article,global,Automated rendering only; not manually visually inspected,Automated repetition/terminology scan; necessary disclosures retained. Body not substantively rewritten.,"Canonical/indexability, title/description, links, heading and reciprocal-equivalent hreflang checks passed","Edge render: 320, 390, 768, 1280, 1440 px; both themes; no detected horizontal page overflow","Runtime, assets, IDs and form-label render checks; links/anchors checked, not every action manually exercised",routes/checks.json; inventory.json; test-results.json; automated render only,No detected route/render failure. Manual and assistive-technology review is not exhaustive.
/fat-and-carb-two-energy-profiles.html,article,global,Automated rendering only; not manually visually inspected,Automated repetition/terminology scan; necessary disclosures retained. Body not substantively rewritten.,"Canonical/indexability, title/description, links, heading and reciprocal-equivalent hreflang checks passed","Edge render: 320, 390, 768, 1280, 1440 px; both themes; no detected horizontal page overflow","Runtime, assets, IDs and form-label render checks; links/anchors checked, not every action manually exercised",routes/checks.json; inventory.json; test-results.json; automated render only,No detected route/render failure. Manual and assistive-technology review is not exhaustive.
/fats.html,article,global,Automated rendering only; not manually visually inspected,Automated repetition/terminology scan; necessary disclosures retained. Body not substantively rewritten.,"Canonical/indexability, title/description, links, heading and reciprocal-equivalent hreflang checks passed","Edge render: 320, 390, 768, 1280, 1440 px; both themes; no detected horizontal page overflow","Runtime, assets, IDs and form-label render checks; links/anchors checked, not every action manually exercised",routes/checks.json; inventory.json; test-results.json; automated render only,No detected route/render failure. Manual and assistive-technology review is not exhaustive.
/fiber-count-menu-not-plant-score.html,article,global,Automated rendering only; not manually visually inspected,Automated repetition/terminology scan; necessary disclosures retained. Body not substantively rewritten.,"Canonical/indexability, title/description, links, heading and reciprocal-equivalent hreflang checks passed","Edge render: 320, 390, 768, 1280, 1440 px; both themes; no detected horizontal page overflow","Runtime, assets, IDs and form-label render checks; links/anchors checked, not every action manually exercised",routes/checks.json; inventory.json; test-results.json; automated render only,No detected route/render failure. Manual and assistive-technology review is not exhaustive.
/fiber-daily-value-portion-example.html,article,global,Automated rendering only; not manually visually inspected,Automated repetition/terminology scan; necessary disclosures retained. Body not substantively rewritten.,"Canonical/indexability, title/description, links, heading and reciprocal-equivalent hreflang checks passed","Edge render: 320, 390, 768, 1280, 1440 px; both themes; no detected horizontal page overflow","Runtime, assets, IDs and form-label render checks; links/anchors checked, not every action manually exercised",routes/checks.json; inventory.json; test-results.json; automated render only,No detected route/render failure. Manual and assistive-technology review is not exhaustive.
/fiber-per-portion-vs-density.html,article,global,Automated rendering only; not manually visually inspected,Automated repetition/terminology scan; necessary disclosures retained. Body not substantively rewritten.,"Canonical/indexability, title/description, links, heading and reciprocal-equivalent hreflang checks passed","Edge render: 320, 390, 768, 1280, 1440 px; both themes; no detected horizontal page overflow","Runtime, assets, IDs and form-label render checks; links/anchors checked, not every action manually exercised",routes/checks.json; inventory.json; test-results.json; automated render only,No detected route/render failure. Manual and assistive-technology review is not exhaustive.
/food-shelf.html,trust,global,Automated rendering only; not manually visually inspected,Automated repetition/terminology scan; necessary disclosures retained. Body not substantively rewritten.,"Canonical/indexability, title/description, links, heading and reciprocal-equivalent hreflang checks passed","Edge render: 320, 390, 768, 1280, 1440 px; both themes; no detected horizontal page overflow","Journey exercised in Edge/WebKit, both themes, 390/1440; see journeys/checks.json",routes/checks.json; inventory.json; test-results.json; automated render only,No detected route/render failure. Manual and assistive-technology review is not exhaustive.
/grams-per-serving-vs-protein-percentage.html,article,global,Automated rendering only; not manually visually inspected,Automated repetition/terminology scan; necessary disclosures retained. Body not substantively rewritten.,"Canonical/indexability, title/description, links, heading and reciprocal-equivalent hreflang checks passed","Edge render: 320, 390, 768, 1280, 1440 px; both themes; no detected horizontal page overflow","Runtime, assets, IDs and form-label render checks; links/anchors checked, not every action manually exercised",routes/checks.json; inventory.json; test-results.json; automated render only,No detected route/render failure. Manual and assistive-technology review is not exhaustive.
/grams-vs-milliliters-nutrition-labels.html,article,global,Automated rendering only; not manually visually inspected,Automated repetition/terminology scan; necessary disclosures retained. Body not substantively rewritten.,"Canonical/indexability, title/description, links, heading and reciprocal-equivalent hreflang checks passed","Edge render: 320, 390, 768, 1280, 1440 px; both themes; no detected horizontal page overflow","Runtime, assets, IDs and form-label render checks; links/anchors checked, not every action manually exercised",routes/checks.json; inventory.json; test-results.json; automated render only,No detected route/render failure. Manual and assistive-technology review is not exhaustive.
/grilled-and-blackened-chicken-comparison.html,article,global,Automated rendering only; not manually visually inspected,Automated repetition/terminology scan; necessary disclosures retained. Body not substantively rewritten.,"Canonical/indexability, title/description, links, heading and reciprocal-equivalent hreflang checks passed","Edge render: 320, 390, 768, 1280, 1440 px; both themes; no detected horizontal page overflow","Runtime, assets, IDs and form-label render checks; links/anchors checked, not every action manually exercised",routes/checks.json; inventory.json; test-results.json; automated render only,No detected route/render failure. Manual and assistive-technology review is not exhaustive.
/half-serving-percent-daily-value.html,article,global,Automated rendering only; not manually visually inspected,Automated repetition/terminology scan; necessary disclosures retained. Body not substantively rewritten.,"Canonical/indexability, title/description, links, heading and reciprocal-equivalent hreflang checks passed","Edge render: 320, 390, 768, 1280, 1440 px; both themes; no detected horizontal page overflow","Runtime, assets, IDs and form-label render checks; links/anchors checked, not every action manually exercised",routes/checks.json; inventory.json; test-results.json; automated render only,No detected route/render failure. Manual and assistive-technology review is not exhaustive.
/healthy-fast-food.html,reference-index,US,Automated rendering only; not manually visually inspected,Automated repetition/terminology scan; necessary disclosures retained. Body not substantively rewritten.,"Canonical/indexability, title/description, links, heading and reciprocal-equivalent hreflang checks passed","Edge render: 320, 390, 768, 1280, 1440 px; both themes; no detected horizontal page overflow","Runtime, assets, IDs and form-label render checks; links/anchors checked, not every action manually exercised",routes/checks.json; inventory.json; test-results.json; automated render only,40 U.S. finder records still have missing core macros; see data-gaps.json. Not all U.S. data reverified this release.
/high-protein-fast-food-under-500-calories.html,article,global,Automated rendering only; not manually visually inspected,Automated repetition/terminology scan; necessary disclosures retained. Body not substantively rewritten.,"Canonical/indexability, title/description, links, heading and reciprocal-equivalent hreflang checks passed","Edge render: 320, 390, 768, 1280, 1440 px; both themes; no detected horizontal page overflow","Runtime, assets, IDs and form-label render checks; links/anchors checked, not every action manually exercised",routes/checks.json; inventory.json; test-results.json; automated render only,No detected route/render failure. Manual and assistive-technology review is not exhaustive.
/high-protein-foods-list.html,reference-index,global,Automated rendering only; not manually visually inspected,Automated repetition/terminology scan; necessary disclosures retained. Body not substantively rewritten.,"Canonical/indexability, title/description, links, heading and reciprocal-equivalent hreflang checks passed","Edge render: 320, 390, 768, 1280, 1440 px; both themes; no detected horizontal page overflow","Runtime, assets, IDs and form-label render checks; links/anchors checked, not every action manually exercised",routes/checks.json; inventory.json; test-results.json; automated render only,40 U.S. finder records still have missing core macros; see data-gaps.json. Not all U.S. data reverified this release.
/how-many-calories-should-i-eat-a-day.html,article,global,Automated rendering only; not manually visually inspected,Automated repetition/terminology scan; necessary disclosures retained. Body not substantively rewritten.,"Canonical/indexability, title/description, links, heading and reciprocal-equivalent hreflang checks passed","Edge render: 320, 390, 768, 1280, 1440 px; both themes; no detected horizontal page overflow","Runtime, assets, IDs and form-label render checks; links/anchors checked, not every action manually exercised",routes/checks.json; inventory.json; test-results.json; automated render only,No detected route/render failure. Manual and assistive-technology review is not exhaustive.
/how-much-fiber-per-day.html,article,global,Automated rendering only; not manually visually inspected,Automated repetition/terminology scan; necessary disclosures retained. Body not substantively rewritten.,"Canonical/indexability, title/description, links, heading and reciprocal-equivalent hreflang checks passed","Edge render: 320, 390, 768, 1280, 1440 px; both themes; no detected horizontal page overflow","Runtime, assets, IDs and form-label render checks; links/anchors checked, not every action manually exercised",routes/checks.json; inventory.json; test-results.json; automated render only,No detected route/render failure. Manual and assistive-technology review is not exhaustive.
/how-much-protein-can-your-body-absorb.html,article,global,Automated rendering only; not manually visually inspected,Automated repetition/terminology scan; necessary disclosures retained. Body not substantively rewritten.,"Canonical/indexability, title/description, links, heading and reciprocal-equivalent hreflang checks passed","Edge render: 320, 390, 768, 1280, 1440 px; both themes; no detected horizontal page overflow","Runtime, assets, IDs and form-label render checks; links/anchors checked, not every action manually exercised",routes/checks.json; inventory.json; test-results.json; automated render only,No detected route/render failure. Manual and assistive-technology review is not exhaustive.
/how-much-protein-per-day.html,article,global,Automated rendering only; not manually visually inspected,Automated repetition/terminology scan; necessary disclosures retained. Body not substantively rewritten.,"Canonical/indexability, title/description, links, heading and reciprocal-equivalent hreflang checks passed","Edge render: 320, 390, 768, 1280, 1440 px; both themes; no detected horizontal page overflow","Runtime, assets, IDs and form-label render checks; links/anchors checked, not every action manually exercised",routes/checks.json; inventory.json; test-results.json; automated render only,No detected route/render failure. Manual and assistive-technology review is not exhaustive.
/how-much-sodium-per-day.html,article,global,Automated rendering only; not manually visually inspected,Automated repetition/terminology scan; necessary disclosures retained. Body not substantively rewritten.,"Canonical/indexability, title/description, links, heading and reciprocal-equivalent hreflang checks passed","Edge render: 320, 390, 768, 1280, 1440 px; both themes; no detected horizontal page overflow","Runtime, assets, IDs and form-label render checks; links/anchors checked, not every action manually exercised",routes/checks.json; inventory.json; test-results.json; automated render only,No detected route/render failure. Manual and assistive-technology review is not exhaustive.
/how-to-build-a-balanced-meal-with-macros.html,article,global,Automated rendering only; not manually visually inspected,Automated repetition/terminology scan; necessary disclosures retained. Body not substantively rewritten.,"Canonical/indexability, title/description, links, heading and reciprocal-equivalent hreflang checks passed","Edge render: 320, 390, 768, 1280, 1440 px; both themes; no detected horizontal page overflow","Runtime, assets, IDs and form-label render checks; links/anchors checked, not every action manually exercised",routes/checks.json; inventory.json; test-results.json; automated render only,No detected route/render failure. Manual and assistive-technology review is not exhaustive.
/how-to-calculate-macros-by-hand.html,article,global,Automated rendering only; not manually visually inspected,Automated repetition/terminology scan; necessary disclosures retained. Body not substantively rewritten.,"Canonical/indexability, title/description, links, heading and reciprocal-equivalent hreflang checks passed","Edge render: 320, 390, 768, 1280, 1440 px; both themes; no detected horizontal page overflow","Runtime, assets, IDs and form-label render checks; links/anchors checked, not every action manually exercised",routes/checks.json; inventory.json; test-results.json; automated render only,No detected route/render failure. Manual and assistive-technology review is not exhaustive.
/how-to-calculate-maintenance-calories.html,article,global,Automated rendering only; not manually visually inspected,Automated repetition/terminology scan; necessary disclosures retained. Body not substantively rewritten.,"Canonical/indexability, title/description, links, heading and reciprocal-equivalent hreflang checks passed","Edge render: 320, 390, 768, 1280, 1440 px; both themes; no detected horizontal page overflow","Runtime, assets, IDs and form-label render checks; links/anchors checked, not every action manually exercised",routes/checks.json; inventory.json; test-results.json; automated render only,No detected route/render failure. Manual and assistive-technology review is not exhaustive.
/how-to-calculate-recipe-nutrition.html,article,global,Automated rendering only; not manually visually inspected,Automated repetition/terminology scan; necessary disclosures retained. Body not substantively rewritten.,"Canonical/indexability, title/description, links, heading and reciprocal-equivalent hreflang checks passed","Edge render: 320, 390, 768, 1280, 1440 px; both themes; no detected horizontal page overflow","Runtime, assets, IDs and form-label render checks; links/anchors checked, not every action manually exercised",routes/checks.json; inventory.json; test-results.json; automated render only,No detected route/render failure. Manual and assistive-technology review is not exhaustive.
/how-to-eat-out-without-wrecking-your-goal.html,article,global,Automated rendering only; not manually visually inspected,Automated repetition/terminology scan; necessary disclosures retained. Body not substantively rewritten.,"Canonical/indexability, title/description, links, heading and reciprocal-equivalent hreflang checks passed","Edge render: 320, 390, 768, 1280, 1440 px; both themes; no detected horizontal page overflow","Runtime, assets, IDs and form-label render checks; links/anchors checked, not every action manually exercised",routes/checks.json; inventory.json; test-results.json; automated render only,No detected route/render failure. Manual and assistive-technology review is not exhaustive.
/how-to-hit-protein-goal-on-budget.html,article,global,Automated rendering only; not manually visually inspected,Automated repetition/terminology scan; necessary disclosures retained. Body not substantively rewritten.,"Canonical/indexability, title/description, links, heading and reciprocal-equivalent hreflang checks passed","Edge render: 320, 390, 768, 1280, 1440 px; both themes; no detected horizontal page overflow","Runtime, assets, IDs and form-label render checks; links/anchors checked, not every action manually exercised",routes/checks.json; inventory.json; test-results.json; automated render only,No detected route/render failure. Manual and assistive-technology review is not exhaustive.
/how-to-read-a-nutrition-label.html,article,global,Automated rendering only; not manually visually inspected,Automated repetition/terminology scan; necessary disclosures retained. Body not substantively rewritten.,"Canonical/indexability, title/description, links, heading and reciprocal-equivalent hreflang checks passed","Edge render: 320, 390, 768, 1280, 1440 px; both themes; no detected horizontal page overflow","Runtime, assets, IDs and form-label render checks; links/anchors checked, not every action manually exercised",routes/checks.json; inventory.json; test-results.json; automated render only,No detected route/render failure. Manual and assistive-technology review is not exhaustive.
/in-n-out-double-vs-two-hamburgers.html,article,global,Automated rendering only; not manually visually inspected,Automated repetition/terminology scan; necessary disclosures retained. Body not substantively rewritten.,"Canonical/indexability, title/description, links, heading and reciprocal-equivalent hreflang checks passed","Edge render: 320, 390, 768, 1280, 1440 px; both themes; no detected horizontal page overflow","Runtime, assets, IDs and form-label render checks; links/anchors checked, not every action manually exercised",routes/checks.json; inventory.json; test-results.json; automated render only,No detected route/render failure. Manual and assistive-technology review is not exhaustive.
/in-n-out-nutrition-guide.html,restaurant,US,Automated rendering only; not manually visually inspected,Lead paragraphs read; duplicate comparison introductions removed where repeated below,"Canonical/indexability, title/description, links, heading and reciprocal-equivalent hreflang checks passed","Edge render: 320, 390, 768, 1280, 1440 px; both themes; no detected horizontal page overflow","Runtime, assets, IDs and form-label render checks; links/anchors checked, not every action manually exercised",routes/checks.json; inventory.json; test-results.json; automated render only,40 U.S. finder records still have missing core macros; see data-gaps.json. Not all U.S. data reverified this release.
/in-n-out-three-published-hamburger-versions.html,article,global,Automated rendering only; not manually visually inspected,Automated repetition/terminology scan; necessary disclosures retained. Body not substantively rewritten.,"Canonical/indexability, title/description, links, heading and reciprocal-equivalent hreflang checks passed","Edge render: 320, 390, 768, 1280, 1440 px; both themes; no detected horizontal page overflow","Runtime, assets, IDs and form-label render checks; links/anchors checked, not every action manually exercised",routes/checks.json; inventory.json; test-results.json; automated render only,No detected route/render failure. Manual and assistive-technology review is not exhaustive.
/,home,US,Manual screenshot review of stated files: browser/-index-html-dark-390.png,Task copy or methodology corrected,"Canonical/indexability, title/description, links, heading and reciprocal-equivalent hreflang checks passed","Edge render: 320, 390, 768, 1280, 1440 px; both themes; no detected horizontal page overflow","Journey exercised in Edge/WebKit, both themes, 390/1440; see journeys/checks.json",routes/checks.json; inventory.json; test-results.json; browser/-index-html-dark-390.png,No detected route/render failure. Manual and assistive-technology review is not exhaustive.
/jersey-mikes-healthy-subs-macros.html,restaurant,US,Automated rendering only; not manually visually inspected,Lead paragraphs read; duplicate comparison introductions removed where repeated below,"Canonical/indexability, title/description, links, heading and reciprocal-equivalent hreflang checks passed","Edge render: 320, 390, 768, 1280, 1440 px; both themes; no detected horizontal page overflow","Runtime, assets, IDs and form-label render checks; links/anchors checked, not every action manually exercised",routes/checks.json; inventory.json; test-results.json; automated render only,40 U.S. finder records still have missing core macros; see data-gaps.json. Not all U.S. data reverified this release.
/kfc-healthy-meals-macros.html,restaurant,US,Automated rendering only; not manually visually inspected,Lead paragraphs read; duplicate comparison introductions removed where repeated below,"Canonical/indexability, title/description, links, heading and reciprocal-equivalent hreflang checks passed","Edge render: 320, 390, 768, 1280, 1440 px; both themes; no detected horizontal page overflow","Runtime, assets, IDs and form-label render checks; links/anchors checked, not every action manually exercised",routes/checks.json; inventory.json; test-results.json; automated render only,40 U.S. finder records still have missing core macros; see data-gaps.json. Not all U.S. data reverified this release.
/macros-for-muscle-gain.html,article,global,Automated rendering only; not manually visually inspected,Automated repetition/terminology scan; necessary disclosures retained. Body not substantively rewritten.,"Canonical/indexability, title/description, links, heading and reciprocal-equivalent hreflang checks passed","Edge render: 320, 390, 768, 1280, 1440 px; both themes; no detected horizontal page overflow","Runtime, assets, IDs and form-label render checks; links/anchors checked, not every action manually exercised",routes/checks.json; inventory.json; test-results.json; automated render only,No detected route/render failure. Manual and assistive-technology review is not exhaustive.
/macros-for-weight-loss.html,article,global,Automated rendering only; not manually visually inspected,Automated repetition/terminology scan; necessary disclosures retained. Body not substantively rewritten.,"Canonical/indexability, title/description, links, heading and reciprocal-equivalent hreflang checks passed","Edge render: 320, 390, 768, 1280, 1440 px; both themes; no detected horizontal page overflow","Runtime, assets, IDs and form-label render checks; links/anchors checked, not every action manually exercised",routes/checks.json; inventory.json; test-results.json; automated render only,No detected route/render failure. Manual and assistive-technology review is not exhaustive.
/mcdonalds-healthy-meals-macros.html,restaurant,US,Automated rendering only; not manually visually inspected,Lead paragraphs read; duplicate comparison introductions removed where repeated below,"Canonical/indexability, title/description, links, heading and reciprocal-equivalent hreflang checks passed","Edge render: 320, 390, 768, 1280, 1440 px; both themes; no detected horizontal page overflow","Runtime, assets, IDs and form-label render checks; links/anchors checked, not every action manually exercised",routes/checks.json; inventory.json; test-results.json; automated render only,40 U.S. finder records still have missing core macros; see data-gaps.json. Not all U.S. data reverified this release.
/meal-calculation-two-serving-units.html,article,global,Automated rendering only; not manually visually inspected,Automated repetition/terminology scan; necessary disclosures retained. Body not substantively rewritten.,"Canonical/indexability, title/description, links, heading and reciprocal-equivalent hreflang checks passed","Edge render: 320, 390, 768, 1280, 1440 px; both themes; no detected horizontal page overflow","Runtime, assets, IDs and form-label render checks; links/anchors checked, not every action manually exercised",routes/checks.json; inventory.json; test-results.json; automated render only,No detected route/render failure. Manual and assistive-technology review is not exhaustive.
/meal-filters-intersection-not-extra-options.html,article,global,Automated rendering only; not manually visually inspected,Automated repetition/terminology scan; necessary disclosures retained. Body not substantively rewritten.,"Canonical/indexability, title/description, links, heading and reciprocal-equivalent hreflang checks passed","Edge render: 320, 390, 768, 1280, 1440 px; both themes; no detected horizontal page overflow","Runtime, assets, IDs and form-label render checks; links/anchors checked, not every action manually exercised",routes/checks.json; inventory.json; test-results.json; automated render only,No detected route/render failure. Manual and assistive-technology review is not exhaustive.
/menu-average-chain-weighting.html,article,global,Automated rendering only; not manually visually inspected,"Individually improved; examples, source links and URL retained","Canonical/indexability, title/description, links, heading and reciprocal-equivalent hreflang checks passed","Edge render: 320, 390, 768, 1280, 1440 px; both themes; no detected horizontal page overflow","Runtime, assets, IDs and form-label render checks; links/anchors checked, not every action manually exercised",routes/checks.json; inventory.json; test-results.json; automated render only,No detected route/render failure. Manual and assistive-technology review is not exhaustive.
/menu-pdf-filename-not-edition-date.html,article,global,Automated rendering only; not manually visually inspected,"Individually improved; examples, source links and URL retained","Canonical/indexability, title/description, links, heading and reciprocal-equivalent hreflang checks passed","Edge render: 320, 390, 768, 1280, 1440 px; both themes; no detected horizontal page overflow","Runtime, assets, IDs and form-label render checks; links/anchors checked, not every action manually exercised",routes/checks.json; inventory.json; test-results.json; automated render only,No detected route/render failure. Manual and assistive-technology review is not exhaustive.
/milligram-microgram-mineral-label.html,article,global,Automated rendering only; not manually visually inspected,Automated repetition/terminology scan; necessary disclosures retained. Body not substantively rewritten.,"Canonical/indexability, title/description, links, heading and reciprocal-equivalent hreflang checks passed","Edge render: 320, 390, 768, 1280, 1440 px; both themes; no detected horizontal page overflow","Runtime, assets, IDs and form-label render checks; links/anchors checked, not every action manually exercised",routes/checks.json; inventory.json; test-results.json; automated render only,No detected route/render failure. Manual and assistive-technology review is not exhaustive.
/missing-restaurant-nutrition.html,article,global,Automated rendering only; not manually visually inspected,Automated repetition/terminology scan; necessary disclosures retained. Body not substantively rewritten.,"Canonical/indexability, title/description, links, heading and reciprocal-equivalent hreflang checks passed","Edge render: 320, 390, 768, 1280, 1440 px; both themes; no detected horizontal page overflow","Runtime, assets, IDs and form-label render checks; links/anchors checked, not every action manually exercised",routes/checks.json; inventory.json; test-results.json; automated render only,No detected route/render failure. Manual and assistive-technology review is not exhaustive.
/net-carbs-total-carbohydrate.html,article,global,Automated rendering only; not manually visually inspected,Automated repetition/terminology scan; necessary disclosures retained. Body not substantively rewritten.,"Canonical/indexability, title/description, links, heading and reciprocal-equivalent hreflang checks passed","Edge render: 320, 390, 768, 1280, 1440 px; both themes; no detected horizontal page overflow","Runtime, assets, IDs and form-label render checks; links/anchors checked, not every action manually exercised",routes/checks.json; inventory.json; test-results.json; automated render only,No detected route/render failure. Manual and assistive-technology review is not exhaustive.
/noodles-and-company-nutrition-guide.html,restaurant,US,Automated rendering only; not manually visually inspected,Lead paragraphs read; duplicate comparison introductions removed where repeated below,"Canonical/indexability, title/description, links, heading and reciprocal-equivalent hreflang checks passed","Edge render: 320, 390, 768, 1280, 1440 px; both themes; no detected horizontal page overflow","Runtime, assets, IDs and form-label render checks; links/anchors checked, not every action manually exercised",routes/checks.json; inventory.json; test-results.json; automated render only,40 U.S. finder records still have missing core macros; see data-gaps.json. Not all U.S. data reverified this release.
/noodles-mac-protein-not-simple-add-on.html,article,global,Automated rendering only; not manually visually inspected,Automated repetition/terminology scan; necessary disclosures retained. Body not substantively rewritten.,"Canonical/indexability, title/description, links, heading and reciprocal-equivalent hreflang checks passed","Edge render: 320, 390, 768, 1280, 1440 px; both themes; no detected horizontal page overflow","Runtime, assets, IDs and form-label render checks; links/anchors checked, not every action manually exercised",routes/checks.json; inventory.json; test-results.json; automated render only,No detected route/render failure. Manual and assistive-technology review is not exhaustive.
/noodles-regular-noodle-orders-not-addons.html,article,global,Automated rendering only; not manually visually inspected,Automated repetition/terminology scan; necessary disclosures retained. Body not substantively rewritten.,"Canonical/indexability, title/description, links, heading and reciprocal-equivalent hreflang checks passed","Edge render: 320, 390, 768, 1280, 1440 px; both themes; no detected horizontal page overflow","Runtime, assets, IDs and form-label render checks; links/anchors checked, not every action manually exercised",routes/checks.json; inventory.json; test-results.json; automated render only,No detected route/render failure. Manual and assistive-technology review is not exhaustive.
/noodles-two-chicken-salads.html,article,global,Automated rendering only; not manually visually inspected,Automated repetition/terminology scan; necessary disclosures retained. Body not substantively rewritten.,"Canonical/indexability, title/description, links, heading and reciprocal-equivalent hreflang checks passed","Edge render: 320, 390, 768, 1280, 1440 px; both themes; no detected horizontal page overflow","Runtime, assets, IDs and form-label render checks; links/anchors checked, not every action manually exercised",routes/checks.json; inventory.json; test-results.json; automated render only,No detected route/render failure. Manual and assistive-technology review is not exhaustive.
/nutrient-grams-not-food-weight.html,article,global,Automated rendering only; not manually visually inspected,Automated repetition/terminology scan; necessary disclosures retained. Body not substantively rewritten.,"Canonical/indexability, title/description, links, heading and reciprocal-equivalent hreflang checks passed","Edge render: 320, 390, 768, 1280, 1440 px; both themes; no detected horizontal page overflow","Runtime, assets, IDs and form-label render checks; links/anchors checked, not every action manually exercised",routes/checks.json; inventory.json; test-results.json; automated render only,No detected route/render failure. Manual and assistive-technology review is not exhaustive.
/nutrition-blank-vs-not-detected.html,article,global,Automated rendering only; not manually visually inspected,Automated repetition/terminology scan; necessary disclosures retained. Body not substantively rewritten.,"Canonical/indexability, title/description, links, heading and reciprocal-equivalent hreflang checks passed","Edge render: 320, 390, 768, 1280, 1440 px; both themes; no detected horizontal page overflow","Runtime, assets, IDs and form-label render checks; links/anchors checked, not every action manually exercised",routes/checks.json; inventory.json; test-results.json; automated render only,No detected route/render failure. Manual and assistive-technology review is not exhaustive.
/nutrition-data-mean-not-every-portion.html,article,global,Automated rendering only; not manually visually inspected,Automated repetition/terminology scan; necessary disclosures retained. Body not substantively rewritten.,"Canonical/indexability, title/description, links, heading and reciprocal-equivalent hreflang checks passed","Edge render: 320, 390, 768, 1280, 1440 px; both themes; no detected horizontal page overflow","Runtime, assets, IDs and form-label render checks; links/anchors checked, not every action manually exercised",routes/checks.json; inventory.json; test-results.json; automated render only,No detected route/render failure. Manual and assistive-technology review is not exhaustive.
/nutrition-label-comparison-tool.html,calculator,global,Manual screenshot review of stated files: additional/nutrition-label-comparison-tool-dark-1440.png,Automated repetition/terminology scan; necessary disclosures retained. Body not substantively rewritten.,"Canonical/indexability, title/description, links, heading and reciprocal-equivalent hreflang checks passed","Edge render: 320, 390, 768, 1280, 1440 px; both themes; no detected horizontal page overflow","Runtime, assets, IDs and form-label render checks; links/anchors checked, not every action manually exercised",routes/checks.json; inventory.json; test-results.json; additional/nutrition-label-comparison-tool-dark-1440.png,No detected route/render failure. Manual and assistive-technology review is not exhaustive.
/nutrition-label-rounding.html,article,global,Automated rendering only; not manually visually inspected,Automated repetition/terminology scan; necessary disclosures retained. Body not substantively rewritten.,"Canonical/indexability, title/description, links, heading and reciprocal-equivalent hreflang checks passed","Edge render: 320, 390, 768, 1280, 1440 px; both themes; no detected horizontal page overflow","Runtime, assets, IDs and form-label render checks; links/anchors checked, not every action manually exercised",routes/checks.json; inventory.json; test-results.json; automated render only,No detected route/render failure. Manual and assistive-technology review is not exhaustive.
/nutrition-totals-not-ingredient-recipe.html,article,global,Automated rendering only; not manually visually inspected,Automated repetition/terminology scan; necessary disclosures retained. Body not substantively rewritten.,"Canonical/indexability, title/description, links, heading and reciprocal-equivalent hreflang checks passed","Edge render: 320, 390, 768, 1280, 1440 px; both themes; no detected horizontal page overflow","Runtime, assets, IDs and form-label render checks; links/anchors checked, not every action manually exercised",routes/checks.json; inventory.json; test-results.json; automated render only,No detected route/render failure. Manual and assistive-technology review is not exhaustive.
/panda-express-base-nutrition-comparison.html,article,global,Automated rendering only; not manually visually inspected,Automated repetition/terminology scan; necessary disclosures retained. Body not substantively rewritten.,"Canonical/indexability, title/description, links, heading and reciprocal-equivalent hreflang checks passed","Edge render: 320, 390, 768, 1280, 1440 px; both themes; no detected horizontal page overflow","Runtime, assets, IDs and form-label render checks; links/anchors checked, not every action manually exercised",routes/checks.json; inventory.json; test-results.json; automated render only,No detected route/render failure. Manual and assistive-technology review is not exhaustive.
/panda-express-chicken-entree-comparison.html,article,global,Automated rendering only; not manually visually inspected,Automated repetition/terminology scan; necessary disclosures retained. Body not substantively rewritten.,"Canonical/indexability, title/description, links, heading and reciprocal-equivalent hreflang checks passed","Edge render: 320, 390, 768, 1280, 1440 px; both themes; no detected horizontal page overflow","Runtime, assets, IDs and form-label render checks; links/anchors checked, not every action manually exercised",routes/checks.json; inventory.json; test-results.json; automated render only,No detected route/render failure. Manual and assistive-technology review is not exhaustive.
/panda-express-healthy-meals-macros.html,restaurant,US,Automated rendering only; not manually visually inspected,Lead paragraphs read; duplicate comparison introductions removed where repeated below,"Canonical/indexability, title/description, links, heading and reciprocal-equivalent hreflang checks passed","Edge render: 320, 390, 768, 1280, 1440 px; both themes; no detected horizontal page overflow","Runtime, assets, IDs and form-label render checks; links/anchors checked, not every action manually exercised",routes/checks.json; inventory.json; test-results.json; automated render only,40 U.S. finder records still have missing core macros; see data-gaps.json. Not all U.S. data reverified this release.
/panera-healthy-meals-macros.html,restaurant,US,Automated rendering only; not manually visually inspected,Lead paragraphs read; duplicate comparison introductions removed where repeated below,"Canonical/indexability, title/description, links, heading and reciprocal-equivalent hreflang checks passed","Edge render: 320, 390, 768, 1280, 1440 px; both themes; no detected horizontal page overflow","Runtime, assets, IDs and form-label render checks; links/anchors checked, not every action manually exercised",routes/checks.json; inventory.json; test-results.json; automated render only,40 U.S. finder records still have missing core macros; see data-gaps.json. Not all U.S. data reverified this release.
/per-ounce-vs-per-100g-food.html,article,global,Automated rendering only; not manually visually inspected,Automated repetition/terminology scan; necessary disclosures retained. Body not substantively rewritten.,"Canonical/indexability, title/description, links, heading and reciprocal-equivalent hreflang checks passed","Edge render: 320, 390, 768, 1280, 1440 px; both themes; no detected horizontal page overflow","Runtime, assets, IDs and form-label render checks; links/anchors checked, not every action manually exercised",routes/checks.json; inventory.json; test-results.json; automated render only,No detected route/render failure. Manual and assistive-technology review is not exhaustive.
/percent-daily-value-not-vertical-total.html,article,global,Automated rendering only; not manually visually inspected,Automated repetition/terminology scan; necessary disclosures retained. Body not substantively rewritten.,"Canonical/indexability, title/description, links, heading and reciprocal-equivalent hreflang checks passed","Edge render: 320, 390, 768, 1280, 1440 px; both themes; no detected horizontal page overflow","Runtime, assets, IDs and form-label render checks; links/anchors checked, not every action manually exercised",routes/checks.json; inventory.json; test-results.json; automated render only,No detected route/render failure. Manual and assistive-technology review is not exhaustive.
/percentage-points-vs-percent-food-labels.html,article,global,Automated rendering only; not manually visually inspected,Automated repetition/terminology scan; necessary disclosures retained. Body not substantively rewritten.,"Canonical/indexability, title/description, links, heading and reciprocal-equivalent hreflang checks passed","Edge render: 320, 390, 768, 1280, 1440 px; both themes; no detected horizontal page overflow","Runtime, assets, IDs and form-label render checks; links/anchors checked, not every action manually exercised",routes/checks.json; inventory.json; test-results.json; automated render only,No detected route/render failure. Manual and assistive-technology review is not exhaustive.
/plant-name-not-fiber-number.html,article,global,Automated rendering only; not manually visually inspected,Automated repetition/terminology scan; necessary disclosures retained. Body not substantively rewritten.,"Canonical/indexability, title/description, links, heading and reciprocal-equivalent hreflang checks passed","Edge render: 320, 390, 768, 1280, 1440 px; both themes; no detected horizontal page overflow","Runtime, assets, IDs and form-label render checks; links/anchors checked, not every action manually exercised",routes/checks.json; inventory.json; test-results.json; automated render only,No detected route/render failure. Manual and assistive-technology review is not exhaustive.
/play-bean-balance.html,game,global,Automated rendering only; not manually visually inspected,Automated repetition/terminology scan; necessary disclosures retained. Body not substantively rewritten.,"Canonical/indexability, title/description, links, heading and reciprocal-equivalent hreflang checks passed","Edge render: 320, 390, 768, 1280, 1440 px; both themes; no detected horizontal page overflow","Game rules tested; representative keyboard/touch game journeys tested, not every game manually played",routes/checks.json; inventory.json; test-results.json; automated render only,No detected route/render failure. Manual and assistive-technology review is not exhaustive.
/play-berry-bounce.html,game,global,Automated rendering only; not manually visually inspected,Automated repetition/terminology scan; necessary disclosures retained. Body not substantively rewritten.,"Canonical/indexability, title/description, links, heading and reciprocal-equivalent hreflang checks passed","Edge render: 320, 390, 768, 1280, 1440 px; both themes; no detected horizontal page overflow","Game rules tested; representative keyboard/touch game journeys tested, not every game manually played",routes/checks.json; inventory.json; test-results.json; automated render only,No detected route/render failure. Manual and assistive-technology review is not exhaustive.
/play-build-a-plate.html,game,global,Automated rendering only; not manually visually inspected,Automated repetition/terminology scan; necessary disclosures retained. Body not substantively rewritten.,"Canonical/indexability, title/description, links, heading and reciprocal-equivalent hreflang checks passed","Edge render: 320, 390, 768, 1280, 1440 px; both themes; no detected horizontal page overflow","Game rules tested; representative keyboard/touch game journeys tested, not every game manually played",routes/checks.json; inventory.json; test-results.json; automated render only,No detected route/render failure. Manual and assistive-technology review is not exhaustive.
/play-claim-check.html,game,global,Automated rendering only; not manually visually inspected,Automated repetition/terminology scan; necessary disclosures retained. Body not substantively rewritten.,"Canonical/indexability, title/description, links, heading and reciprocal-equivalent hreflang checks passed","Edge render: 320, 390, 768, 1280, 1440 px; both themes; no detected horizontal page overflow","Game rules tested; representative keyboard/touch game journeys tested, not every game manually played",routes/checks.json; inventory.json; test-results.json; automated render only,No detected route/render failure. Manual and assistive-technology review is not exhaustive.
/play-description-detective.html,game,global,Automated rendering only; not manually visually inspected,Automated repetition/terminology scan; necessary disclosures retained. Body not substantively rewritten.,"Canonical/indexability, title/description, links, heading and reciprocal-equivalent hreflang checks passed","Edge render: 320, 390, 768, 1280, 1440 px; both themes; no detected horizontal page overflow","Game rules tested; representative keyboard/touch game journeys tested, not every game manually played",routes/checks.json; inventory.json; test-results.json; automated render only,No detected route/render failure. Manual and assistive-technology review is not exhaustive.
/play-fiber-trail.html,game,global,Automated rendering only; not manually visually inspected,Automated repetition/terminology scan; necessary disclosures retained. Body not substantively rewritten.,"Canonical/indexability, title/description, links, heading and reciprocal-equivalent hreflang checks passed","Edge render: 320, 390, 768, 1280, 1440 px; both themes; no detected horizontal page overflow","Game rules tested; representative keyboard/touch game journeys tested, not every game manually played",routes/checks.json; inventory.json; test-results.json; automated render only,No detected route/render failure. Manual and assistive-technology review is not exhaustive.
/play-food-crossword.html,game,global,Automated rendering only; not manually visually inspected,Automated repetition/terminology scan; necessary disclosures retained. Body not substantively rewritten.,"Canonical/indexability, title/description, links, heading and reciprocal-equivalent hreflang checks passed","Edge render: 320, 390, 768, 1280, 1440 px; both themes; no detected horizontal page overflow","Game rules tested; representative keyboard/touch game journeys tested, not every game manually played",routes/checks.json; inventory.json; test-results.json; automated render only,No detected route/render failure. Manual and assistive-technology review is not exhaustive.
/play-food-factory.html,game,global,Automated rendering only; not manually visually inspected,Automated repetition/terminology scan; necessary disclosures retained. Body not substantively rewritten.,"Canonical/indexability, title/description, links, heading and reciprocal-equivalent hreflang checks passed","Edge render: 320, 390, 768, 1280, 1440 px; both themes; no detected horizontal page overflow","Game rules tested; representative keyboard/touch game journeys tested, not every game manually played",routes/checks.json; inventory.json; test-results.json; automated render only,No detected route/render failure. Manual and assistive-technology review is not exhaustive.
/play-fruit-catch.html,game,global,Automated rendering only; not manually visually inspected,Automated repetition/terminology scan; necessary disclosures retained. Body not substantively rewritten.,"Canonical/indexability, title/description, links, heading and reciprocal-equivalent hreflang checks passed","Edge render: 320, 390, 768, 1280, 1440 px; both themes; no detected horizontal page overflow","Game rules tested; representative keyboard/touch game journeys tested, not every game manually played",routes/checks.json; inventory.json; test-results.json; automated render only,No detected route/render failure. Manual and assistive-technology review is not exhaustive.
/play-garden-glide.html,game,global,Automated rendering only; not manually visually inspected,Automated repetition/terminology scan; necessary disclosures retained. Body not substantively rewritten.,"Canonical/indexability, title/description, links, heading and reciprocal-equivalent hreflang checks passed","Edge render: 320, 390, 768, 1280, 1440 px; both themes; no detected horizontal page overflow","Game rules tested; representative keyboard/touch game journeys tested, not every game manually played",routes/checks.json; inventory.json; test-results.json; automated render only,No detected route/render failure. Manual and assistive-technology review is not exhaustive.
/play-garden-pipes.html,game,global,Automated rendering only; not manually visually inspected,Automated repetition/terminology scan; necessary disclosures retained. Body not substantively rewritten.,"Canonical/indexability, title/description, links, heading and reciprocal-equivalent hreflang checks passed","Edge render: 320, 390, 768, 1280, 1440 px; both themes; no detected horizontal page overflow","Game rules tested; representative keyboard/touch game journeys tested, not every game manually played",routes/checks.json; inventory.json; test-results.json; automated render only,No detected route/render failure. Manual and assistive-technology review is not exhaustive.
/play-harvest-conveyor.html,game,global,Automated rendering only; not manually visually inspected,Automated repetition/terminology scan; necessary disclosures retained. Body not substantively rewritten.,"Canonical/indexability, title/description, links, heading and reciprocal-equivalent hreflang checks passed","Edge render: 320, 390, 768, 1280, 1440 px; both themes; no detected horizontal page overflow","Game rules tested; representative keyboard/touch game journeys tested, not every game manually played",routes/checks.json; inventory.json; test-results.json; automated render only,No detected route/render failure. Manual and assistive-technology review is not exhaustive.
/play-ingredient-anagrams.html,game,global,Automated rendering only; not manually visually inspected,Automated repetition/terminology scan; necessary disclosures retained. Body not substantively rewritten.,"Canonical/indexability, title/description, links, heading and reciprocal-equivalent hreflang checks passed","Edge render: 320, 390, 768, 1280, 1440 px; both themes; no detected horizontal page overflow","Game rules tested; representative keyboard/touch game journeys tested, not every game manually played",routes/checks.json; inventory.json; test-results.json; automated render only,No detected route/render failure. Manual and assistive-technology review is not exhaustive.
/play-ingredient-order.html,game,global,Automated rendering only; not manually visually inspected,Automated repetition/terminology scan; necessary disclosures retained. Body not substantively rewritten.,"Canonical/indexability, title/description, links, heading and reciprocal-equivalent hreflang checks passed","Edge render: 320, 390, 768, 1280, 1440 px; both themes; no detected horizontal page overflow","Game rules tested; representative keyboard/touch game journeys tested, not every game manually played",routes/checks.json; inventory.json; test-results.json; automated render only,No detected route/render failure. Manual and assistive-technology review is not exhaustive.
/play-kitchen-connections.html,game,global,Automated rendering only; not manually visually inspected,Automated repetition/terminology scan; necessary disclosures retained. Body not substantively rewritten.,"Canonical/indexability, title/description, links, heading and reciprocal-equivalent hreflang checks passed","Edge render: 320, 390, 768, 1280, 1440 px; both themes; no detected horizontal page overflow","Game rules tested; representative keyboard/touch game journeys tested, not every game manually played",routes/checks.json; inventory.json; test-results.json; automated render only,No detected route/render failure. Manual and assistive-technology review is not exhaustive.
/play-kitchen-rhythm.html,game,global,Automated rendering only; not manually visually inspected,Automated repetition/terminology scan; necessary disclosures retained. Body not substantively rewritten.,"Canonical/indexability, title/description, links, heading and reciprocal-equivalent hreflang checks passed","Edge render: 320, 390, 768, 1280, 1440 px; both themes; no detected horizontal page overflow","Game rules tested; representative keyboard/touch game journeys tested, not every game manually played",routes/checks.json; inventory.json; test-results.json; automated render only,No detected route/render failure. Manual and assistive-technology review is not exhaustive.
/play-label-matchmaker.html,game,global,Automated rendering only; not manually visually inspected,Automated repetition/terminology scan; necessary disclosures retained. Body not substantively rewritten.,"Canonical/indexability, title/description, links, heading and reciprocal-equivalent hreflang checks passed","Edge render: 320, 390, 768, 1280, 1440 px; both themes; no detected horizontal page overflow","Game rules tested; representative keyboard/touch game journeys tested, not every game manually played",routes/checks.json; inventory.json; test-results.json; automated render only,No detected route/render failure. Manual and assistive-technology review is not exhaustive.
/play-lunchbox-logic.html,game,global,Automated rendering only; not manually visually inspected,Automated repetition/terminology scan; necessary disclosures retained. Body not substantively rewritten.,"Canonical/indexability, title/description, links, heading and reciprocal-equivalent hreflang checks passed","Edge render: 320, 390, 768, 1280, 1440 px; both themes; no detected horizontal page overflow","Game rules tested; representative keyboard/touch game journeys tested, not every game manually played",routes/checks.json; inventory.json; test-results.json; automated render only,No detected route/render failure. Manual and assistive-technology review is not exhaustive.
/play-macro-grid.html,game,global,Automated rendering only; not manually visually inspected,Automated repetition/terminology scan; necessary disclosures retained. Body not substantively rewritten.,"Canonical/indexability, title/description, links, heading and reciprocal-equivalent hreflang checks passed","Edge render: 320, 390, 768, 1280, 1440 px; both themes; no detected horizontal page overflow","Game rules tested; representative keyboard/touch game journeys tested, not every game manually played",routes/checks.json; inventory.json; test-results.json; automated render only,No detected route/render failure. Manual and assistive-technology review is not exhaustive.
/play-market-budget.html,game,global,Automated rendering only; not manually visually inspected,Automated repetition/terminology scan; necessary disclosures retained. Body not substantively rewritten.,"Canonical/indexability, title/description, links, heading and reciprocal-equivalent hreflang checks passed","Edge render: 320, 390, 768, 1280, 1440 px; both themes; no detected horizontal page overflow","Game rules tested; representative keyboard/touch game journeys tested, not every game manually played",routes/checks.json; inventory.json; test-results.json; automated render only,No detected route/render failure. Manual and assistive-technology review is not exhaustive.
/play-market-memory.html,game,global,Automated rendering only; not manually visually inspected,Automated repetition/terminology scan; necessary disclosures retained. Body not substantively rewritten.,"Canonical/indexability, title/description, links, heading and reciprocal-equivalent hreflang checks passed","Edge render: 320, 390, 768, 1280, 1440 px; both themes; no detected horizontal page overflow","Game rules tested; representative keyboard/touch game journeys tested, not every game manually played",routes/checks.json; inventory.json; test-results.json; automated render only,No detected route/render failure. Manual and assistive-technology review is not exhaustive.
/play-mascot-maker.html,game,global,Automated rendering only; not manually visually inspected,Automated repetition/terminology scan; necessary disclosures retained. Body not substantively rewritten.,"Canonical/indexability, title/description, links, heading and reciprocal-equivalent hreflang checks passed","Edge render: 320, 390, 768, 1280, 1440 px; both themes; no detected horizontal page overflow","Game rules tested; representative keyboard/touch game journeys tested, not every game manually played",routes/checks.json; inventory.json; test-results.json; automated render only,No detected route/render failure. Manual and assistive-technology review is not exhaustive.
/play-menu-mystery.html,game,global,Automated rendering only; not manually visually inspected,Automated repetition/terminology scan; necessary disclosures retained. Body not substantively rewritten.,"Canonical/indexability, title/description, links, heading and reciprocal-equivalent hreflang checks passed","Edge render: 320, 390, 768, 1280, 1440 px; both themes; no detected horizontal page overflow","Game rules tested; representative keyboard/touch game journeys tested, not every game manually played",routes/checks.json; inventory.json; test-results.json; automated render only,No detected route/render failure. Manual and assistive-technology review is not exhaustive.
/play-menu-word-hunt.html,game,global,Automated rendering only; not manually visually inspected,Automated repetition/terminology scan; necessary disclosures retained. Body not substantively rewritten.,"Canonical/indexability, title/description, links, heading and reciprocal-equivalent hreflang checks passed","Edge render: 320, 390, 768, 1280, 1440 px; both themes; no detected horizontal page overflow","Game rules tested; representative keyboard/touch game journeys tested, not every game manually played",routes/checks.json; inventory.json; test-results.json; automated render only,No detected route/render failure. Manual and assistive-technology review is not exhaustive.
/play-missing-number-kitchen.html,game,global,Automated rendering only; not manually visually inspected,Automated repetition/terminology scan; necessary disclosures retained. Body not substantively rewritten.,"Canonical/indexability, title/description, links, heading and reciprocal-equivalent hreflang checks passed","Edge render: 320, 390, 768, 1280, 1440 px; both themes; no detected horizontal page overflow","Game rules tested; representative keyboard/touch game journeys tested, not every game manually played",routes/checks.json; inventory.json; test-results.json; automated render only,No detected route/render failure. Manual and assistive-technology review is not exhaustive.
/play-nutrition-term-match.html,game,global,Automated rendering only; not manually visually inspected,Automated repetition/terminology scan; necessary disclosures retained. Body not substantively rewritten.,"Canonical/indexability, title/description, links, heading and reciprocal-equivalent hreflang checks passed","Edge render: 320, 390, 768, 1280, 1440 px; both themes; no detected horizontal page overflow","Game rules tested; representative keyboard/touch game journeys tested, not every game manually played",routes/checks.json; inventory.json; test-results.json; automated render only,No detected route/render failure. Manual and assistive-technology review is not exhaustive.
/play-odd-ingredient-out.html,game,global,Automated rendering only; not manually visually inspected,Automated repetition/terminology scan; necessary disclosures retained. Body not substantively rewritten.,"Canonical/indexability, title/description, links, heading and reciprocal-equivalent hreflang checks passed","Edge render: 320, 390, 768, 1280, 1440 px; both themes; no detected horizontal page overflow","Game rules tested; representative keyboard/touch game journeys tested, not every game manually played",routes/checks.json; inventory.json; test-results.json; automated render only,No detected route/render failure. Manual and assistive-technology review is not exhaustive.
/play-orange-orbit.html,game,global,Automated rendering only; not manually visually inspected,Automated repetition/terminology scan; necessary disclosures retained. Body not substantively rewritten.,"Canonical/indexability, title/description, links, heading and reciprocal-equivalent hreflang checks passed","Edge render: 320, 390, 768, 1280, 1440 px; both themes; no detected horizontal page overflow","Game rules tested; representative keyboard/touch game journeys tested, not every game manually played",routes/checks.json; inventory.json; test-results.json; automated render only,No detected route/render failure. Manual and assistive-technology review is not exhaustive.
/play-orchard-nonogram.html,game,global,Automated rendering only; not manually visually inspected,Automated repetition/terminology scan; necessary disclosures retained. Body not substantively rewritten.,"Canonical/indexability, title/description, links, heading and reciprocal-equivalent hreflang checks passed","Edge render: 320, 390, 768, 1280, 1440 px; both themes; no detected horizontal page overflow","Game rules tested; representative keyboard/touch game journeys tested, not every game manually played",routes/checks.json; inventory.json; test-results.json; automated render only,No detected route/render failure. Manual and assistive-technology review is not exhaustive.
/play-order-recall.html,game,global,Automated rendering only; not manually visually inspected,Automated repetition/terminology scan; necessary disclosures retained. Body not substantively rewritten.,"Canonical/indexability, title/description, links, heading and reciprocal-equivalent hreflang checks passed","Edge render: 320, 390, 768, 1280, 1440 px; both themes; no detected horizontal page overflow","Game rules tested; representative keyboard/touch game journeys tested, not every game manually played",routes/checks.json; inventory.json; test-results.json; automated render only,No detected route/render failure. Manual and assistive-technology review is not exhaustive.
/play-pantry-pack.html,game,global,Automated rendering only; not manually visually inspected,Automated repetition/terminology scan; necessary disclosures retained. Body not substantively rewritten.,"Canonical/indexability, title/description, links, heading and reciprocal-equivalent hreflang checks passed","Edge render: 320, 390, 768, 1280, 1440 px; both themes; no detected horizontal page overflow","Game rules tested; representative keyboard/touch game journeys tested, not every game manually played",routes/checks.json; inventory.json; test-results.json; automated render only,No detected route/render failure. Manual and assistive-technology review is not exhaustive.
/play-pantry-peek.html,game,global,Automated rendering only; not manually visually inspected,Automated repetition/terminology scan; necessary disclosures retained. Body not substantively rewritten.,"Canonical/indexability, title/description, links, heading and reciprocal-equivalent hreflang checks passed","Edge render: 320, 390, 768, 1280, 1440 px; both themes; no detected horizontal page overflow","Game rules tested; representative keyboard/touch game journeys tested, not every game manually played",routes/checks.json; inventory.json; test-results.json; automated render only,No detected route/render failure. Manual and assistive-technology review is not exhaustive.
/play-picnic-delivery.html,game,global,Automated rendering only; not manually visually inspected,Automated repetition/terminology scan; necessary disclosures retained. Body not substantively rewritten.,"Canonical/indexability, title/description, links, heading and reciprocal-equivalent hreflang checks passed","Edge render: 320, 390, 768, 1280, 1440 px; both themes; no detected horizontal page overflow","Game rules tested; representative keyboard/touch game journeys tested, not every game manually played",routes/checks.json; inventory.json; test-results.json; automated render only,No detected route/render failure. Manual and assistive-technology review is not exhaustive.
/play-picnic-planner.html,game,global,Automated rendering only; not manually visually inspected,Automated repetition/terminology scan; necessary disclosures retained. Body not substantively rewritten.,"Canonical/indexability, title/description, links, heading and reciprocal-equivalent hreflang checks passed","Edge render: 320, 390, 768, 1280, 1440 px; both themes; no detected horizontal page overflow","Game rules tested; representative keyboard/touch game journeys tested, not every game manually played",routes/checks.json; inventory.json; test-results.json; automated render only,No detected route/render failure. Manual and assistive-technology review is not exhaustive.
/play-plate-art.html,game,global,Automated rendering only; not manually visually inspected,Automated repetition/terminology scan; necessary disclosures retained. Body not substantively rewritten.,"Canonical/indexability, title/description, links, heading and reciprocal-equivalent hreflang checks passed","Edge render: 320, 390, 768, 1280, 1440 px; both themes; no detected horizontal page overflow","Game rules tested; representative keyboard/touch game journeys tested, not every game manually played",routes/checks.json; inventory.json; test-results.json; automated render only,No detected route/render failure. Manual and assistive-technology review is not exhaustive.
/play-portion-balance.html,game,global,Automated rendering only; not manually visually inspected,Automated repetition/terminology scan; necessary disclosures retained. Body not substantively rewritten.,"Canonical/indexability, title/description, links, heading and reciprocal-equivalent hreflang checks passed","Edge render: 320, 390, 768, 1280, 1440 px; both themes; no detected horizontal page overflow","Game rules tested; representative keyboard/touch game journeys tested, not every game manually played",routes/checks.json; inventory.json; test-results.json; automated render only,No detected route/render failure. Manual and assistive-technology review is not exhaustive.
/play-portion-fractions.html,game,global,Automated rendering only; not manually visually inspected,Automated repetition/terminology scan; necessary disclosures retained. Body not substantively rewritten.,"Canonical/indexability, title/description, links, heading and reciprocal-equivalent hreflang checks passed","Edge render: 320, 390, 768, 1280, 1440 px; both themes; no detected horizontal page overflow","Game rules tested; representative keyboard/touch game journeys tested, not every game manually played",routes/checks.json; inventory.json; test-results.json; automated render only,No detected route/render failure. Manual and assistive-technology review is not exhaustive.
/play-protein-target-puzzle.html,game,global,Automated rendering only; not manually visually inspected,Automated repetition/terminology scan; necessary disclosures retained. Body not substantively rewritten.,"Canonical/indexability, title/description, links, heading and reciprocal-equivalent hreflang checks passed","Edge render: 320, 390, 768, 1280, 1440 px; both themes; no detected horizontal page overflow","Game rules tested; representative keyboard/touch game journeys tested, not every game manually played",routes/checks.json; inventory.json; test-results.json; automated render only,No detected route/render failure. Manual and assistive-technology review is not exhaustive.
/play-range-finder.html,game,global,Automated rendering only; not manually visually inspected,Automated repetition/terminology scan; necessary disclosures retained. Body not substantively rewritten.,"Canonical/indexability, title/description, links, heading and reciprocal-equivalent hreflang checks passed","Edge render: 320, 390, 768, 1280, 1440 px; both themes; no detected horizontal page overflow","Game rules tested; representative keyboard/touch game journeys tested, not every game manually played",routes/checks.json; inventory.json; test-results.json; automated render only,No detected route/render failure. Manual and assistive-technology review is not exhaustive.
/play-recipe-dominoes.html,game,global,Automated rendering only; not manually visually inspected,Automated repetition/terminology scan; necessary disclosures retained. Body not substantively rewritten.,"Canonical/indexability, title/description, links, heading and reciprocal-equivalent hreflang checks passed","Edge render: 320, 390, 768, 1280, 1440 px; both themes; no detected horizontal page overflow","Game rules tested; representative keyboard/touch game journeys tested, not every game manually played",routes/checks.json; inventory.json; test-results.json; automated render only,No detected route/render failure. Manual and assistive-technology review is not exhaustive.
/play-recipe-path.html,game,global,Automated rendering only; not manually visually inspected,Automated repetition/terminology scan; necessary disclosures retained. Body not substantively rewritten.,"Canonical/indexability, title/description, links, heading and reciprocal-equivalent hreflang checks passed","Edge render: 320, 390, 768, 1280, 1440 px; both themes; no detected horizontal page overflow","Game rules tested; representative keyboard/touch game journeys tested, not every game manually played",routes/checks.json; inventory.json; test-results.json; automated render only,No detected route/render failure. Manual and assistive-technology review is not exhaustive.
/play-recipe-remix.html,game,global,Automated rendering only; not manually visually inspected,Automated repetition/terminology scan; necessary disclosures retained. Body not substantively rewritten.,"Canonical/indexability, title/description, links, heading and reciprocal-equivalent hreflang checks passed","Edge render: 320, 390, 768, 1280, 1440 px; both themes; no detected horizontal page overflow","Game rules tested; representative keyboard/touch game journeys tested, not every game manually played",routes/checks.json; inventory.json; test-results.json; automated render only,No detected route/render failure. Manual and assistive-technology review is not exhaustive.
/play-restaurant-order-builder.html,game,global,Automated rendering only; not manually visually inspected,Automated repetition/terminology scan; necessary disclosures retained. Body not substantively rewritten.,"Canonical/indexability, title/description, links, heading and reciprocal-equivalent hreflang checks passed","Edge render: 320, 390, 768, 1280, 1440 px; both themes; no detected horizontal page overflow","Game rules tested; representative keyboard/touch game journeys tested, not every game manually played",routes/checks.json; inventory.json; test-results.json; automated render only,No detected route/render failure. Manual and assistive-technology review is not exhaustive.
/play-restaurant-route.html,game,global,Automated rendering only; not manually visually inspected,Automated repetition/terminology scan; necessary disclosures retained. Body not substantively rewritten.,"Canonical/indexability, title/description, links, heading and reciprocal-equivalent hreflang checks passed","Edge render: 320, 390, 768, 1280, 1440 px; both themes; no detected horizontal page overflow","Game rules tested; representative keyboard/touch game journeys tested, not every game manually played",routes/checks.json; inventory.json; test-results.json; automated render only,No detected route/render failure. Manual and assistive-technology review is not exhaustive.
/play-rounding-room.html,game,global,Automated rendering only; not manually visually inspected,Automated repetition/terminology scan; necessary disclosures retained. Body not substantively rewritten.,"Canonical/indexability, title/description, links, heading and reciprocal-equivalent hreflang checks passed","Edge render: 320, 390, 768, 1280, 1440 px; both themes; no detected horizontal page overflow","Game rules tested; representative keyboard/touch game journeys tested, not every game manually played",routes/checks.json; inventory.json; test-results.json; automated render only,No detected route/render failure. Manual and assistive-technology review is not exhaustive.
/play-sandwich-architect.html,game,global,Automated rendering only; not manually visually inspected,Automated repetition/terminology scan; necessary disclosures retained. Body not substantively rewritten.,"Canonical/indexability, title/description, links, heading and reciprocal-equivalent hreflang checks passed","Edge render: 320, 390, 768, 1280, 1440 px; both themes; no detected horizontal page overflow","Game rules tested; representative keyboard/touch game journeys tested, not every game manually played",routes/checks.json; inventory.json; test-results.json; automated render only,No detected route/render failure. Manual and assistive-technology review is not exhaustive.
/play-sequence-chef.html,game,global,Automated rendering only; not manually visually inspected,Automated repetition/terminology scan; necessary disclosures retained. Body not substantively rewritten.,"Canonical/indexability, title/description, links, heading and reciprocal-equivalent hreflang checks passed","Edge render: 320, 390, 768, 1280, 1440 px; both themes; no detected horizontal page overflow","Game rules tested; representative keyboard/touch game journeys tested, not every game manually played",routes/checks.json; inventory.json; test-results.json; automated render only,No detected route/render failure. Manual and assistive-technology review is not exhaustive.
/play-serving-size-detective.html,game,global,Automated rendering only; not manually visually inspected,Automated repetition/terminology scan; necessary disclosures retained. Body not substantively rewritten.,"Canonical/indexability, title/description, links, heading and reciprocal-equivalent hreflang checks passed","Edge render: 320, 390, 768, 1280, 1440 px; both themes; no detected horizontal page overflow","Game rules tested; representative keyboard/touch game journeys tested, not every game manually played",routes/checks.json; inventory.json; test-results.json; automated render only,No detected route/render failure. Manual and assistive-technology review is not exhaustive.
/play-silhouette-supper.html,game,global,Automated rendering only; not manually visually inspected,Automated repetition/terminology scan; necessary disclosures retained. Body not substantively rewritten.,"Canonical/indexability, title/description, links, heading and reciprocal-equivalent hreflang checks passed","Edge render: 320, 390, 768, 1280, 1440 px; both themes; no detected horizontal page overflow","Game rules tested; representative keyboard/touch game journeys tested, not every game manually played",routes/checks.json; inventory.json; test-results.json; automated render only,No detected route/render failure. Manual and assistive-technology review is not exhaustive.
/play-smoothie-studio.html,game,global,Automated rendering only; not manually visually inspected,Automated repetition/terminology scan; necessary disclosures retained. Body not substantively rewritten.,"Canonical/indexability, title/description, links, heading and reciprocal-equivalent hreflang checks passed","Edge render: 320, 390, 768, 1280, 1440 px; both themes; no detected horizontal page overflow","Game rules tested; representative keyboard/touch game journeys tested, not every game manually played",routes/checks.json; inventory.json; test-results.json; automated render only,No detected route/render failure. Manual and assistive-technology review is not exhaustive.
/play-snack-slide.html,game,global,Automated rendering only; not manually visually inspected,Automated repetition/terminology scan; necessary disclosures retained. Body not substantively rewritten.,"Canonical/indexability, title/description, links, heading and reciprocal-equivalent hreflang checks passed","Edge render: 320, 390, 768, 1280, 1440 px; both themes; no detected horizontal page overflow","Game rules tested; representative keyboard/touch game journeys tested, not every game manually played",routes/checks.json; inventory.json; test-results.json; automated render only,No detected route/render failure. Manual and assistive-technology review is not exhaustive.
/play-sodium-sort.html,game,global,Automated rendering only; not manually visually inspected,Automated repetition/terminology scan; necessary disclosures retained. Body not substantively rewritten.,"Canonical/indexability, title/description, links, heading and reciprocal-equivalent hreflang checks passed","Edge render: 320, 390, 768, 1280, 1440 px; both themes; no detected horizontal page overflow","Game rules tested; representative keyboard/touch game journeys tested, not every game manually played",routes/checks.json; inventory.json; test-results.json; automated render only,No detected route/render failure. Manual and assistive-technology review is not exhaustive.
/play-source-sleuth.html,game,global,Automated rendering only; not manually visually inspected,Automated repetition/terminology scan; necessary disclosures retained. Body not substantively rewritten.,"Canonical/indexability, title/description, links, heading and reciprocal-equivalent hreflang checks passed","Edge render: 320, 390, 768, 1280, 1440 px; both themes; no detected horizontal page overflow","Game rules tested; representative keyboard/touch game journeys tested, not every game manually played",routes/checks.json; inventory.json; test-results.json; automated render only,No detected route/render failure. Manual and assistive-technology review is not exhaustive.
/play-spot-the-swap.html,game,global,Automated rendering only; not manually visually inspected,Automated repetition/terminology scan; necessary disclosures retained. Body not substantively rewritten.,"Canonical/indexability, title/description, links, heading and reciprocal-equivalent hreflang checks passed","Edge render: 320, 390, 768, 1280, 1440 px; both themes; no detected horizontal page overflow","Game rules tested; representative keyboard/touch game journeys tested, not every game manually played",routes/checks.json; inventory.json; test-results.json; automated render only,No detected route/render failure. Manual and assistive-technology review is not exhaustive.
/play-tabletop-tangram.html,game,global,Automated rendering only; not manually visually inspected,Automated repetition/terminology scan; necessary disclosures retained. Body not substantively rewritten.,"Canonical/indexability, title/description, links, heading and reciprocal-equivalent hreflang checks passed","Edge render: 320, 390, 768, 1280, 1440 px; both themes; no detected horizontal page overflow","Game rules tested; representative keyboard/touch game journeys tested, not every game manually played",routes/checks.json; inventory.json; test-results.json; automated render only,No detected route/render failure. Manual and assistive-technology review is not exhaustive.
/play-trade-off-table.html,game,global,Automated rendering only; not manually visually inspected,Automated repetition/terminology scan; necessary disclosures retained. Body not substantively rewritten.,"Canonical/indexability, title/description, links, heading and reciprocal-equivalent hreflang checks passed","Edge render: 320, 390, 768, 1280, 1440 px; both themes; no detected horizontal page overflow","Game rules tested; representative keyboard/touch game journeys tested, not every game manually played",routes/checks.json; inventory.json; test-results.json; automated render only,No detected route/render failure. Manual and assistive-technology review is not exhaustive.
/play.html,game-index,global,Automated rendering only; not manually visually inspected,Automated repetition/terminology scan; necessary disclosures retained. Body not substantively rewritten.,"Canonical/indexability, title/description, links, heading and reciprocal-equivalent hreflang checks passed","Edge render: 320, 390, 768, 1280, 1440 px; both themes; no detected horizontal page overflow","Runtime, assets, IDs and form-label render checks; links/anchors checked, not every action manually exercised",routes/checks.json; inventory.json; test-results.json; automated render only,No detected route/render failure. Manual and assistive-technology review is not exhaustive.
/popeyes-healthy-meals-macros.html,restaurant,US,Automated rendering only; not manually visually inspected,Lead paragraphs read; duplicate comparison introductions removed where repeated below,"Canonical/indexability, title/description, links, heading and reciprocal-equivalent hreflang checks passed","Edge render: 320, 390, 768, 1280, 1440 px; both themes; no detected horizontal page overflow","Runtime, assets, IDs and form-label render checks; links/anchors checked, not every action manually exercised",routes/checks.json; inventory.json; test-results.json; automated render only,40 U.S. finder records still have missing core macros; see data-gaps.json. Not all U.S. data reverified this release.
/portion-ratio-vs-percent-change.html,article,global,Automated rendering only; not manually visually inspected,Automated repetition/terminology scan; necessary disclosures retained. Body not substantively rewritten.,"Canonical/indexability, title/description, links, heading and reciprocal-equivalent hreflang checks passed","Edge render: 320, 390, 768, 1280, 1440 px; both themes; no detected horizontal page overflow","Runtime, assets, IDs and form-label render checks; links/anchors checked, not every action manually exercised",routes/checks.json; inventory.json; test-results.json; automated render only,No detected route/render failure. Manual and assistive-technology review is not exhaustive.
/privacy.html,legal,global,Manual screenshot review of stated files: additional/privacy-dark-390.png,Automated repetition/terminology scan; necessary disclosures retained. Body not substantively rewritten.,"Canonical/indexability, title/description, links, heading and reciprocal-equivalent hreflang checks passed","Edge render: 320, 390, 768, 1280, 1440 px; both themes; no detected horizontal page overflow","Runtime, assets, IDs and form-label render checks; links/anchors checked, not every action manually exercised",routes/checks.json; inventory.json; test-results.json; additional/privacy-dark-390.png,No detected route/render failure. Manual and assistive-technology review is not exhaustive.
/protein-chicken-sandwich-size-cross-chain.html,article,global,Automated rendering only; not manually visually inspected,Automated repetition/terminology scan; necessary disclosures retained. Body not substantively rewritten.,"Canonical/indexability, title/description, links, heading and reciprocal-equivalent hreflang checks passed","Edge render: 320, 390, 768, 1280, 1440 px; both themes; no detected horizontal page overflow","Runtime, assets, IDs and form-label render checks; links/anchors checked, not every action manually exercised",routes/checks.json; inventory.json; test-results.json; automated render only,No detected route/render failure. Manual and assistive-technology review is not exhaustive.
/protein-cost-currency-comparison.html,article,global,Automated rendering only; not manually visually inspected,Automated repetition/terminology scan; necessary disclosures retained. Body not substantively rewritten.,"Canonical/indexability, title/description, links, heading and reciprocal-equivalent hreflang checks passed","Edge render: 320, 390, 768, 1280, 1440 px; both themes; no detected horizontal page overflow","Runtime, assets, IDs and form-label render checks; links/anchors checked, not every action manually exercised",routes/checks.json; inventory.json; test-results.json; automated render only,No detected route/render failure. Manual and assistive-technology review is not exhaustive.
/protein-cost-food-waste.html,article,global,Automated rendering only; not manually visually inspected,Automated repetition/terminology scan; necessary disclosures retained. Body not substantively rewritten.,"Canonical/indexability, title/description, links, heading and reciprocal-equivalent hreflang checks passed","Edge render: 320, 390, 768, 1280, 1440 px; both themes; no detected horizontal page overflow","Runtime, assets, IDs and form-label render checks; links/anchors checked, not every action manually exercised",routes/checks.json; inventory.json; test-results.json; automated render only,No detected route/render failure. Manual and assistive-technology review is not exhaustive.
/protein-cost-pack-size-minimum-spend.html,article,global,Automated rendering only; not manually visually inspected,Automated repetition/terminology scan; necessary disclosures retained. Body not substantively rewritten.,"Canonical/indexability, title/description, links, heading and reciprocal-equivalent hreflang checks passed","Edge render: 320, 390, 768, 1280, 1440 px; both themes; no detected horizontal page overflow","Runtime, assets, IDs and form-label render checks; links/anchors checked, not every action manually exercised",routes/checks.json; inventory.json; test-results.json; automated render only,No detected route/render failure. Manual and assistive-technology review is not exhaustive.
/protein-density-fast-food.html,article,global,Automated rendering only; not manually visually inspected,Automated repetition/terminology scan; necessary disclosures retained. Body not substantively rewritten.,"Canonical/indexability, title/description, links, heading and reciprocal-equivalent hreflang checks passed","Edge render: 320, 390, 768, 1280, 1440 px; both themes; no detected horizontal page overflow","Runtime, assets, IDs and form-label render checks; links/anchors checked, not every action manually exercised",routes/checks.json; inventory.json; test-results.json; automated render only,No detected route/render failure. Manual and assistive-technology review is not exhaustive.
/protein-label-blank-daily-value.html,article,global,Automated rendering only; not manually visually inspected,Automated repetition/terminology scan; necessary disclosures retained. Body not substantively rewritten.,"Canonical/indexability, title/description, links, heading and reciprocal-equivalent hreflang checks passed","Edge render: 320, 390, 768, 1280, 1440 px; both themes; no detected horizontal page overflow","Runtime, assets, IDs and form-label render checks; links/anchors checked, not every action manually exercised",routes/checks.json; inventory.json; test-results.json; automated render only,No detected route/render failure. Manual and assistive-technology review is not exhaustive.
/protein-per-package-not-scoop-count.html,article,global,Automated rendering only; not manually visually inspected,Automated repetition/terminology scan; necessary disclosures retained. Body not substantively rewritten.,"Canonical/indexability, title/description, links, heading and reciprocal-equivalent hreflang checks passed","Edge render: 320, 390, 768, 1280, 1440 px; both themes; no detected horizontal page overflow","Runtime, assets, IDs and form-label render checks; links/anchors checked, not every action manually exercised",routes/checks.json; inventory.json; test-results.json; automated render only,No detected route/render failure. Manual and assistive-technology review is not exhaustive.
/protein-powder-scoop-weight.html,article,global,Automated rendering only; not manually visually inspected,Automated repetition/terminology scan; necessary disclosures retained. Body not substantively rewritten.,"Canonical/indexability, title/description, links, heading and reciprocal-equivalent hreflang checks passed","Edge render: 320, 390, 768, 1280, 1440 px; both themes; no detected horizontal page overflow","Runtime, assets, IDs and form-label render checks; links/anchors checked, not every action manually exercised",routes/checks.json; inventory.json; test-results.json; automated render only,No detected route/render failure. Manual and assistive-technology review is not exhaustive.
/protein-serving-count-day-not-prescription.html,article,global,Automated rendering only; not manually visually inspected,Automated repetition/terminology scan; necessary disclosures retained. Body not substantively rewritten.,"Canonical/indexability, title/description, links, heading and reciprocal-equivalent hreflang checks passed","Edge render: 320, 390, 768, 1280, 1440 px; both themes; no detected horizontal page overflow","Runtime, assets, IDs and form-label render checks; links/anchors checked, not every action manually exercised",routes/checks.json; inventory.json; test-results.json; automated render only,No detected route/render failure. Manual and assistive-technology review is not exhaustive.
/protein-sort-vs-portion-mass.html,article,global,Automated rendering only; not manually visually inspected,Automated repetition/terminology scan; necessary disclosures retained. Body not substantively rewritten.,"Canonical/indexability, title/description, links, heading and reciprocal-equivalent hreflang checks passed","Edge render: 320, 390, 768, 1280, 1440 px; both themes; no detected horizontal page overflow","Runtime, assets, IDs and form-label render checks; links/anchors checked, not every action manually exercised",routes/checks.json; inventory.json; test-results.json; automated render only,No detected route/render failure. Manual and assistive-technology review is not exhaustive.
/protein-target-gap-not-automatic-extra.html,article,global,Automated rendering only; not manually visually inspected,Automated repetition/terminology scan; necessary disclosures retained. Body not substantively rewritten.,"Canonical/indexability, title/description, links, heading and reciprocal-equivalent hreflang checks passed","Edge render: 320, 390, 768, 1280, 1440 px; both themes; no detected horizontal page overflow","Runtime, assets, IDs and form-label render checks; links/anchors checked, not every action manually exercised",routes/checks.json; inventory.json; test-results.json; automated render only,No detected route/render failure. Manual and assistive-technology review is not exhaustive.
/protein-value-after-fixed-delivery-fee.html,article,global,Automated rendering only; not manually visually inspected,Automated repetition/terminology scan; necessary disclosures retained. Body not substantively rewritten.,"Canonical/indexability, title/description, links, heading and reciprocal-equivalent hreflang checks passed","Edge render: 320, 390, 768, 1280, 1440 px; both themes; no detected horizontal page overflow","Runtime, assets, IDs and form-label render checks; links/anchors checked, not every action manually exercised",routes/checks.json; inventory.json; test-results.json; automated render only,No detected route/render failure. Manual and assistive-technology review is not exhaustive.
/protein-value-calculator.html,calculator,global,Automated rendering only; not manually visually inspected,Automated repetition/terminology scan; necessary disclosures retained. Body not substantively rewritten.,"Canonical/indexability, title/description, links, heading and reciprocal-equivalent hreflang checks passed","Edge render: 320, 390, 768, 1280, 1440 px; both themes; no detected horizontal page overflow","Journey exercised in Edge/WebKit, both themes, 390/1440; see journeys/checks.json",routes/checks.json; inventory.json; test-results.json; automated render only,No detected route/render failure. Manual and assistive-technology review is not exhaustive.
/protein-value-price-range-overlap.html,article,global,Automated rendering only; not manually visually inspected,Automated repetition/terminology scan; necessary disclosures retained. Body not substantively rewritten.,"Canonical/indexability, title/description, links, heading and reciprocal-equivalent hreflang checks passed","Edge render: 320, 390, 768, 1280, 1440 px; both themes; no detected horizontal page overflow","Runtime, assets, IDs and form-label render checks; links/anchors checked, not every action manually exercised",routes/checks.json; inventory.json; test-results.json; automated render only,No detected route/render failure. Manual and assistive-technology review is not exhaustive.
/protein.html,article,global,Automated rendering only; not manually visually inspected,Automated repetition/terminology scan; necessary disclosures retained. Body not substantively rewritten.,"Canonical/indexability, title/description, links, heading and reciprocal-equivalent hreflang checks passed","Edge render: 320, 390, 768, 1280, 1440 px; both themes; no detected horizontal page overflow","Runtime, assets, IDs and form-label render checks; links/anchors checked, not every action manually exercised",routes/checks.json; inventory.json; test-results.json; automated render only,No detected route/render failure. Manual and assistive-technology review is not exhaustive.
/published-vs-calculated-restaurant-rows.html,article,global,Automated rendering only; not manually visually inspected,"Individually improved; examples, source links and URL retained","Canonical/indexability, title/description, links, heading and reciprocal-equivalent hreflang checks passed","Edge render: 320, 390, 768, 1280, 1440 px; both themes; no detected horizontal page overflow","Runtime, assets, IDs and form-label render checks; links/anchors checked, not every action manually exercised",routes/checks.json; inventory.json; test-results.json; automated render only,No detected route/render failure. Manual and assistive-technology review is not exhaustive.
/qdoba-burrito-bowl-published-pair.html,article,global,Automated rendering only; not manually visually inspected,Automated repetition/terminology scan; necessary disclosures retained. Body not substantively rewritten.,"Canonical/indexability, title/description, links, heading and reciprocal-equivalent hreflang checks passed","Edge render: 320, 390, 768, 1280, 1440 px; both themes; no detected horizontal page overflow","Runtime, assets, IDs and form-label render checks; links/anchors checked, not every action manually exercised",routes/checks.json; inventory.json; test-results.json; automated render only,No detected route/render failure. Manual and assistive-technology review is not exhaustive.
/qdoba-nutrition-guide.html,restaurant,US,Automated rendering only; not manually visually inspected,Lead paragraphs read; duplicate comparison introductions removed where repeated below,"Canonical/indexability, title/description, links, heading and reciprocal-equivalent hreflang checks passed","Edge render: 320, 390, 768, 1280, 1440 px; both themes; no detected horizontal page overflow","Runtime, assets, IDs and form-label render checks; links/anchors checked, not every action manually exercised",routes/checks.json; inventory.json; test-results.json; automated render only,40 U.S. finder records still have missing core macros; see data-gaps.json. Not all U.S. data reverified this release.
/qdoba-vegan-bowl-fiber-tradeoff.html,article,global,Automated rendering only; not manually visually inspected,Automated repetition/terminology scan; necessary disclosures retained. Body not substantively rewritten.,"Canonical/indexability, title/description, links, heading and reciprocal-equivalent hreflang checks passed","Edge render: 320, 390, 768, 1280, 1440 px; both themes; no detected horizontal page overflow","Runtime, assets, IDs and form-label render checks; links/anchors checked, not every action manually exercised",routes/checks.json; inventory.json; test-results.json; automated render only,No detected route/render failure. Manual and assistive-technology review is not exhaustive.
/raising-canes-build-order-not-combo-name.html,article,global,Automated rendering only; not manually visually inspected,Automated repetition/terminology scan; necessary disclosures retained. Body not substantively rewritten.,"Canonical/indexability, title/description, links, heading and reciprocal-equivalent hreflang checks passed","Edge render: 320, 390, 768, 1280, 1440 px; both themes; no detected horizontal page overflow","Runtime, assets, IDs and form-label render checks; links/anchors checked, not every action manually exercised",routes/checks.json; inventory.json; test-results.json; automated render only,No detected route/render failure. Manual and assistive-technology review is not exhaustive.
/raising-canes-nutrition-guide.html,restaurant,US,Automated rendering only; not manually visually inspected,Lead paragraphs read; duplicate comparison introductions removed where repeated below,"Canonical/indexability, title/description, links, heading and reciprocal-equivalent hreflang checks passed","Edge render: 320, 390, 768, 1280, 1440 px; both themes; no detected horizontal page overflow","Runtime, assets, IDs and form-label render checks; links/anchors checked, not every action manually exercised",routes/checks.json; inventory.json; test-results.json; automated render only,40 U.S. finder records still have missing core macros; see data-gaps.json. Not all U.S. data reverified this release.
/raw-vs-cooked-food-weight.html,article,global,Automated rendering only; not manually visually inspected,Automated repetition/terminology scan; necessary disclosures retained. Body not substantively rewritten.,"Canonical/indexability, title/description, links, heading and reciprocal-equivalent hreflang checks passed","Edge render: 320, 390, 768, 1280, 1440 px; both themes; no detected horizontal page overflow","Runtime, assets, IDs and form-label render checks; links/anchors checked, not every action manually exercised",routes/checks.json; inventory.json; test-results.json; automated render only,No detected route/render failure. Manual and assistive-technology review is not exhaustive.
/recipe-added-water-not-new-nutrients.html,article,global,Automated rendering only; not manually visually inspected,Automated repetition/terminology scan; necessary disclosures retained. Body not substantively rewritten.,"Canonical/indexability, title/description, links, heading and reciprocal-equivalent hreflang checks passed","Edge render: 320, 390, 768, 1280, 1440 px; both themes; no detected horizontal page overflow","Runtime, assets, IDs and form-label render checks; links/anchors checked, not every action manually exercised",routes/checks.json; inventory.json; test-results.json; automated render only,No detected route/render failure. Manual and assistive-technology review is not exhaustive.
/recipe-combined-batches-not-average-serving.html,article,global,Automated rendering only; not manually visually inspected,Automated repetition/terminology scan; necessary disclosures retained. Body not substantively rewritten.,"Canonical/indexability, title/description, links, heading and reciprocal-equivalent hreflang checks passed","Edge render: 320, 390, 768, 1280, 1440 px; both themes; no detected horizontal page overflow","Runtime, assets, IDs and form-label render checks; links/anchors checked, not every action manually exercised",routes/checks.json; inventory.json; test-results.json; automated render only,No detected route/render failure. Manual and assistive-technology review is not exhaustive.
/recipe-discrete-pieces-count-or-weight.html,article,global,Automated rendering only; not manually visually inspected,Automated repetition/terminology scan; necessary disclosures retained. Body not substantively rewritten.,"Canonical/indexability, title/description, links, heading and reciprocal-equivalent hreflang checks passed","Edge render: 320, 390, 768, 1280, 1440 px; both themes; no detected horizontal page overflow","Runtime, assets, IDs and form-label render checks; links/anchors checked, not every action manually exercised",routes/checks.json; inventory.json; test-results.json; automated render only,No detected route/render failure. Manual and assistive-technology review is not exhaustive.
/recipe-evaporation-weight-density.html,article,global,Automated rendering only; not manually visually inspected,Automated repetition/terminology scan; necessary disclosures retained. Body not substantively rewritten.,"Canonical/indexability, title/description, links, heading and reciprocal-equivalent hreflang checks passed","Edge render: 320, 390, 768, 1280, 1440 px; both themes; no detected horizontal page overflow","Runtime, assets, IDs and form-label render checks; links/anchors checked, not every action manually exercised",routes/checks.json; inventory.json; test-results.json; automated render only,No detected route/render failure. Manual and assistive-technology review is not exhaustive.
/recipe-fixed-seasoning-scale.html,article,global,Automated rendering only; not manually visually inspected,Automated repetition/terminology scan; necessary disclosures retained. Body not substantively rewritten.,"Canonical/indexability, title/description, links, heading and reciprocal-equivalent hreflang checks passed","Edge render: 320, 390, 768, 1280, 1440 px; both themes; no detected horizontal page overflow","Runtime, assets, IDs and form-label render checks; links/anchors checked, not every action manually exercised",routes/checks.json; inventory.json; test-results.json; automated render only,No detected route/render failure. Manual and assistive-technology review is not exhaustive.
/recipe-freezing-portion-count.html,article,global,Automated rendering only; not manually visually inspected,Automated repetition/terminology scan; necessary disclosures retained. Body not substantively rewritten.,"Canonical/indexability, title/description, links, heading and reciprocal-equivalent hreflang checks passed","Edge render: 320, 390, 768, 1280, 1440 px; both themes; no detected horizontal page overflow","Runtime, assets, IDs and form-label render checks; links/anchors checked, not every action manually exercised",routes/checks.json; inventory.json; test-results.json; automated render only,No detected route/render failure. Manual and assistive-technology review is not exhaustive.
/recipe-left-in-pan-residual.html,article,global,Automated rendering only; not manually visually inspected,Automated repetition/terminology scan; necessary disclosures retained. Body not substantively rewritten.,"Canonical/indexability, title/description, links, heading and reciprocal-equivalent hreflang checks passed","Edge render: 320, 390, 768, 1280, 1440 px; both themes; no detected horizontal page overflow","Runtime, assets, IDs and form-label render checks; links/anchors checked, not every action manually exercised",routes/checks.json; inventory.json; test-results.json; automated render only,No detected route/render failure. Manual and assistive-technology review is not exhaustive.
/recipe-macro-scaler.html,calculator,global,Manual screenshot review of stated files: additional/recipe-macro-scaler-light-390.png,Automated repetition/terminology scan; necessary disclosures retained. Body not substantively rewritten.,"Canonical/indexability, title/description, links, heading and reciprocal-equivalent hreflang checks passed","Edge render: 320, 390, 768, 1280, 1440 px; both themes; no detected horizontal page overflow","Runtime, assets, IDs and form-label render checks; links/anchors checked, not every action manually exercised",routes/checks.json; inventory.json; test-results.json; additional/recipe-macro-scaler-light-390.png,No detected route/render failure. Manual and assistive-technology review is not exhaustive.
/recipe-one-ingredient-substitution.html,article,global,Automated rendering only; not manually visually inspected,Automated repetition/terminology scan; necessary disclosures retained. Body not substantively rewritten.,"Canonical/indexability, title/description, links, heading and reciprocal-equivalent hreflang checks passed","Edge render: 320, 390, 768, 1280, 1440 px; both themes; no detected horizontal page overflow","Runtime, assets, IDs and form-label render checks; links/anchors checked, not every action manually exercised",routes/checks.json; inventory.json; test-results.json; automated render only,No detected route/render failure. Manual and assistive-technology review is not exhaustive.
/recipe-quarter-batch-not-quarter-ingredient.html,article,global,Automated rendering only; not manually visually inspected,Automated repetition/terminology scan; necessary disclosures retained. Body not substantively rewritten.,"Canonical/indexability, title/description, links, heading and reciprocal-equivalent hreflang checks passed","Edge render: 320, 390, 768, 1280, 1440 px; both themes; no detected horizontal page overflow","Runtime, assets, IDs and form-label render checks; links/anchors checked, not every action manually exercised",routes/checks.json; inventory.json; test-results.json; automated render only,No detected route/render failure. Manual and assistive-technology review is not exhaustive.
/recipe-recalculate-new-product-label.html,article,global,Automated rendering only; not manually visually inspected,Automated repetition/terminology scan; necessary disclosures retained. Body not substantively rewritten.,"Canonical/indexability, title/description, links, heading and reciprocal-equivalent hreflang checks passed","Edge render: 320, 390, 768, 1280, 1440 px; both themes; no detected horizontal page overflow","Runtime, assets, IDs and form-label render checks; links/anchors checked, not every action manually exercised",routes/checks.json; inventory.json; test-results.json; automated render only,No detected route/render failure. Manual and assistive-technology review is not exhaustive.
/recipe-repeated-ingredient-two-label-bases.html,article,global,Automated rendering only; not manually visually inspected,Automated repetition/terminology scan; necessary disclosures retained. Body not substantively rewritten.,"Canonical/indexability, title/description, links, heading and reciprocal-equivalent hreflang checks passed","Edge render: 320, 390, 768, 1280, 1440 px; both themes; no detected horizontal page overflow","Runtime, assets, IDs and form-label render checks; links/anchors checked, not every action manually exercised",routes/checks.json; inventory.json; test-results.json; automated render only,No detected route/render failure. Manual and assistive-technology review is not exhaustive.
/recipe-sauce-made-vs-sauce-used.html,article,global,Automated rendering only; not manually visually inspected,Automated repetition/terminology scan; necessary disclosures retained. Body not substantively rewritten.,"Canonical/indexability, title/description, links, heading and reciprocal-equivalent hreflang checks passed","Edge render: 320, 390, 768, 1280, 1440 px; both themes; no detected horizontal page overflow","Runtime, assets, IDs and form-label render checks; links/anchors checked, not every action manually exercised",routes/checks.json; inventory.json; test-results.json; automated render only,No detected route/render failure. Manual and assistive-technology review is not exhaustive.
/recipe-sauce-on-side-two-totals.html,article,global,Automated rendering only; not manually visually inspected,Automated repetition/terminology scan; necessary disclosures retained. Body not substantively rewritten.,"Canonical/indexability, title/description, links, heading and reciprocal-equivalent hreflang checks passed","Edge render: 320, 390, 768, 1280, 1440 px; both themes; no detected horizontal page overflow","Runtime, assets, IDs and form-label render checks; links/anchors checked, not every action manually exercised",routes/checks.json; inventory.json; test-results.json; automated render only,No detected route/render failure. Manual and assistive-technology review is not exhaustive.
/recipe-target-batch-portions-integer.html,article,global,Automated rendering only; not manually visually inspected,Automated repetition/terminology scan; necessary disclosures retained. Body not substantively rewritten.,"Canonical/indexability, title/description, links, heading and reciprocal-equivalent hreflang checks passed","Edge render: 320, 390, 768, 1280, 1440 px; both themes; no detected horizontal page overflow","Runtime, assets, IDs and form-label render checks; links/anchors checked, not every action manually exercised",routes/checks.json; inventory.json; test-results.json; automated render only,No detected route/render failure. Manual and assistive-technology review is not exhaustive.
/recipe-uniform-vs-component-serving.html,article,global,Automated rendering only; not manually visually inspected,Automated repetition/terminology scan; necessary disclosures retained. Body not substantively rewritten.,"Canonical/indexability, title/description, links, heading and reciprocal-equivalent hreflang checks passed","Edge render: 320, 390, 768, 1280, 1440 px; both themes; no detected horizontal page overflow","Runtime, assets, IDs and form-label render checks; links/anchors checked, not every action manually exercised",routes/checks.json; inventory.json; test-results.json; automated render only,No detected route/render failure. Manual and assistive-technology review is not exhaustive.
/restaurant-bowl-nutrition-comparison.html,article,global,Automated rendering only; not manually visually inspected,Automated repetition/terminology scan; necessary disclosures retained. Body not substantively rewritten.,"Canonical/indexability, title/description, links, heading and reciprocal-equivalent hreflang checks passed","Edge render: 320, 390, 768, 1280, 1440 px; both themes; no detected horizontal page overflow","Runtime, assets, IDs and form-label render checks; links/anchors checked, not every action manually exercised",routes/checks.json; inventory.json; test-results.json; automated render only,No detected route/render failure. Manual and assistive-technology review is not exhaustive.
/restaurant-compare-tradeoff-not-single-score.html,article,global,Automated rendering only; not manually visually inspected,Automated repetition/terminology scan; necessary disclosures retained. Body not substantively rewritten.,"Canonical/indexability, title/description, links, heading and reciprocal-equivalent hreflang checks passed","Edge render: 320, 390, 768, 1280, 1440 px; both themes; no detected horizontal page overflow","Runtime, assets, IDs and form-label render checks; links/anchors checked, not every action manually exercised",routes/checks.json; inventory.json; test-results.json; automated render only,No detected route/render failure. Manual and assistive-technology review is not exhaustive.
/restaurant-dominated-choice-still-context.html,article,global,Automated rendering only; not manually visually inspected,Automated repetition/terminology scan; necessary disclosures retained. Body not substantively rewritten.,"Canonical/indexability, title/description, links, heading and reciprocal-equivalent hreflang checks passed","Edge render: 320, 390, 768, 1280, 1440 px; both themes; no detected horizontal page overflow","Runtime, assets, IDs and form-label render checks; links/anchors checked, not every action manually exercised",routes/checks.json; inventory.json; test-results.json; automated render only,No detected route/render failure. Manual and assistive-technology review is not exhaustive.
/restaurant-meal-finder.html,finder,US,Automated rendering only; not manually visually inspected,Automated repetition/terminology scan; necessary disclosures retained. Body not substantively rewritten.,"Canonical/indexability, title/description, links, heading and reciprocal-equivalent hreflang checks passed","Edge render: 320, 390, 768, 1280, 1440 px; both themes; no detected horizontal page overflow","Journey exercised in Edge/WebKit, both themes, 390/1440; see journeys/checks.json",routes/checks.json; inventory.json; test-results.json; automated render only,40 U.S. finder records still have missing core macros; see data-gaps.json. Not all U.S. data reverified this release.
/restaurant-meal-guides.html,reference-index,US,Automated rendering only; not manually visually inspected,Automated repetition/terminology scan; necessary disclosures retained. Body not substantively rewritten.,"Canonical/indexability, title/description, links, heading and reciprocal-equivalent hreflang checks passed","Edge render: 320, 390, 768, 1280, 1440 px; both themes; no detected horizontal page overflow","Runtime, assets, IDs and form-label render checks; links/anchors checked, not every action manually exercised",routes/checks.json; inventory.json; test-results.json; automated render only,40 U.S. finder records still have missing core macros; see data-gaps.json. Not all U.S. data reverified this release.
/restaurant-menu-serving-weight.html,article,global,Automated rendering only; not manually visually inspected,Automated repetition/terminology scan; necessary disclosures retained. Body not substantively rewritten.,"Canonical/indexability, title/description, links, heading and reciprocal-equivalent hreflang checks passed","Edge render: 320, 390, 768, 1280, 1440 px; both themes; no detected horizontal page overflow","Runtime, assets, IDs and form-label render checks; links/anchors checked, not every action manually exercised",routes/checks.json; inventory.json; test-results.json; automated render only,No detected route/render failure. Manual and assistive-technology review is not exhaustive.
/restaurant-protein-cost-receipt-prices.html,article,global,Automated rendering only; not manually visually inspected,Automated repetition/terminology scan; necessary disclosures retained. Body not substantively rewritten.,"Canonical/indexability, title/description, links, heading and reciprocal-equivalent hreflang checks passed","Edge render: 320, 390, 768, 1280, 1440 px; both themes; no detected horizontal page overflow","Runtime, assets, IDs and form-label render checks; links/anchors checked, not every action manually exercised",routes/checks.json; inventory.json; test-results.json; automated render only,No detected route/render failure. Manual and assistive-technology review is not exhaustive.
/restaurant-protein-value-no-price-data.html,article,global,Automated rendering only; not manually visually inspected,Automated repetition/terminology scan; necessary disclosures retained. Body not substantively rewritten.,"Canonical/indexability, title/description, links, heading and reciprocal-equivalent hreflang checks passed","Edge render: 320, 390, 768, 1280, 1440 px; both themes; no detected horizontal page overflow","Runtime, assets, IDs and form-label render checks; links/anchors checked, not every action manually exercised",routes/checks.json; inventory.json; test-results.json; automated render only,No detected route/render failure. Manual and assistive-technology review is not exhaustive.
/restaurant-search-result-count-scope.html,article,global,Automated rendering only; not manually visually inspected,"Individually improved; examples, source links and URL retained","Canonical/indexability, title/description, links, heading and reciprocal-equivalent hreflang checks passed","Edge render: 320, 390, 768, 1280, 1440 px; both themes; no detected horizontal page overflow","Runtime, assets, IDs and form-label render checks; links/anchors checked, not every action manually exercised",routes/checks.json; inventory.json; test-results.json; automated render only,No detected route/render failure. Manual and assistive-technology review is not exhaustive.
/restaurant-value-your-nutrient-not-protein.html,article,global,Automated rendering only; not manually visually inspected,Automated repetition/terminology scan; necessary disclosures retained. Body not substantively rewritten.,"Canonical/indexability, title/description, links, heading and reciprocal-equivalent hreflang checks passed","Edge render: 320, 390, 768, 1280, 1440 px; both themes; no detected horizontal page overflow","Runtime, assets, IDs and form-label render checks; links/anchors checked, not every action manually exercised",routes/checks.json; inventory.json; test-results.json; automated render only,No detected route/render failure. Manual and assistive-technology review is not exhaustive.
/salad-burger-calories-no-category-rule.html,article,global,Automated rendering only; not manually visually inspected,Automated repetition/terminology scan; necessary disclosures retained. Body not substantively rewritten.,"Canonical/indexability, title/description, links, heading and reciprocal-equivalent hreflang checks passed","Edge render: 320, 390, 768, 1280, 1440 px; both themes; no detected horizontal page overflow","Runtime, assets, IDs and form-label render checks; links/anchors checked, not every action manually exercised",routes/checks.json; inventory.json; test-results.json; automated render only,No detected route/render failure. Manual and assistive-technology review is not exhaustive.
/same-restaurant-name-different-market-data.html,article,global,Manual screenshot review of stated files: additional/same-restaurant-name-different-market-data-dark-1440.png,"Individually improved; examples, source links and URL retained","Canonical/indexability, title/description, links, heading and reciprocal-equivalent hreflang checks passed","Edge render: 320, 390, 768, 1280, 1440 px; both themes; no detected horizontal page overflow","Runtime, assets, IDs and form-label render checks; links/anchors checked, not every action manually exercised",routes/checks.json; inventory.json; test-results.json; additional/same-restaurant-name-different-market-data-dark-1440.png,No detected route/render failure. Manual and assistive-technology review is not exhaustive.
/saved-meal-source-version-check.html,article,global,Automated rendering only; not manually visually inspected,Automated repetition/terminology scan; necessary disclosures retained. Body not substantively rewritten.,"Canonical/indexability, title/description, links, heading and reciprocal-equivalent hreflang checks passed","Edge render: 320, 390, 768, 1280, 1440 px; both themes; no detected horizontal page overflow","Runtime, assets, IDs and form-label render checks; links/anchors checked, not every action manually exercised",routes/checks.json; inventory.json; test-results.json; automated render only,No detected route/render failure. Manual and assistive-technology review is not exhaustive.
/search.html,search,global,Automated rendering only; not manually visually inspected,Automated repetition/terminology scan; necessary disclosures retained. Body not substantively rewritten.,"Canonical/indexability, title/description, links, heading and reciprocal-equivalent hreflang checks passed","Edge render: 320, 390, 768, 1280, 1440 px; both themes; no detected horizontal page overflow","Journey exercised in Edge/WebKit, both themes, 390/1440; see journeys/checks.json",routes/checks.json; inventory.json; test-results.json; automated render only,No detected route/render failure. Manual and assistive-technology review is not exhaustive.
/serving-size-vs-portion-size.html,article,global,Automated rendering only; not manually visually inspected,Automated repetition/terminology scan; necessary disclosures retained. Body not substantively rewritten.,"Canonical/indexability, title/description, links, heading and reciprocal-equivalent hreflang checks passed","Edge render: 320, 390, 768, 1280, 1440 px; both themes; no detected horizontal page overflow","Runtime, assets, IDs and form-label render checks; links/anchors checked, not every action manually exercised",routes/checks.json; inventory.json; test-results.json; automated render only,No detected route/render failure. Manual and assistive-technology review is not exhaustive.
/sodium-label-comparison-tool.html,calculator,global,Automated rendering only; not manually visually inspected,Automated repetition/terminology scan; necessary disclosures retained. Body not substantively rewritten.,"Canonical/indexability, title/description, links, heading and reciprocal-equivalent hreflang checks passed","Edge render: 320, 390, 768, 1280, 1440 px; both themes; no detected horizontal page overflow","Runtime, assets, IDs and form-label render checks; links/anchors checked, not every action manually exercised",routes/checks.json; inventory.json; test-results.json; automated render only,No detected route/render failure. Manual and assistive-technology review is not exhaustive.
/sodium-milligrams-to-grams.html,article,global,Automated rendering only; not manually visually inspected,Automated repetition/terminology scan; necessary disclosures retained. Body not substantively rewritten.,"Canonical/indexability, title/description, links, heading and reciprocal-equivalent hreflang checks passed","Edge render: 320, 390, 768, 1280, 1440 px; both themes; no detected horizontal page overflow","Runtime, assets, IDs and form-label render checks; links/anchors checked, not every action manually exercised",routes/checks.json; inventory.json; test-results.json; automated render only,No detected route/render failure. Manual and assistive-technology review is not exhaustive.
/sonic-hot-dog-sodium-toppings.html,article,global,Automated rendering only; not manually visually inspected,Automated repetition/terminology scan; necessary disclosures retained. Body not substantively rewritten.,"Canonical/indexability, title/description, links, heading and reciprocal-equivalent hreflang checks passed","Edge render: 320, 390, 768, 1280, 1440 px; both themes; no detected horizontal page overflow","Runtime, assets, IDs and form-label render checks; links/anchors checked, not every action manually exercised",routes/checks.json; inventory.json; test-results.json; automated render only,No detected route/render failure. Manual and assistive-technology review is not exhaustive.
/sonic-nutrition-guide.html,restaurant,US,Automated rendering only; not manually visually inspected,Lead paragraphs read; duplicate comparison introductions removed where repeated below,"Canonical/indexability, title/description, links, heading and reciprocal-equivalent hreflang checks passed","Edge render: 320, 390, 768, 1280, 1440 px; both themes; no detected horizontal page overflow","Runtime, assets, IDs and form-label render checks; links/anchors checked, not every action manually exercised",routes/checks.json; inventory.json; test-results.json; automated render only,40 U.S. finder records still have missing core macros; see data-gaps.json. Not all U.S. data reverified this release.
/sonic-small-burgers-not-same-order.html,article,global,Automated rendering only; not manually visually inspected,Automated repetition/terminology scan; necessary disclosures retained. Body not substantively rewritten.,"Canonical/indexability, title/description, links, heading and reciprocal-equivalent hreflang checks passed","Edge render: 320, 390, 768, 1280, 1440 px; both themes; no detected horizontal page overflow","Runtime, assets, IDs and form-label render checks; links/anchors checked, not every action manually exercised",routes/checks.json; inventory.json; test-results.json; automated render only,No detected route/render failure. Manual and assistive-technology review is not exhaustive.
/sonic-ultimate-breakfast-not-extra-protein-rule.html,article,global,Automated rendering only; not manually visually inspected,Automated repetition/terminology scan; necessary disclosures retained. Body not substantively rewritten.,"Canonical/indexability, title/description, links, heading and reciprocal-equivalent hreflang checks passed","Edge render: 320, 390, 768, 1280, 1440 px; both themes; no detected horizontal page overflow","Runtime, assets, IDs and form-label render checks; links/anchors checked, not every action manually exercised",routes/checks.json; inventory.json; test-results.json; automated render only,No detected route/render failure. Manual and assistive-technology review is not exhaustive.
/sources.html,trust,global,Manual screenshot review of stated files: additional/sources-light-1440.png,Task copy or methodology corrected,"Canonical/indexability, title/description, links, heading and reciprocal-equivalent hreflang checks passed","Edge render: 320, 390, 768, 1280, 1440 px; both themes; no detected horizontal page overflow","Runtime, assets, IDs and form-label render checks; links/anchors checked, not every action manually exercised",routes/checks.json; inventory.json; test-results.json; additional/sources-light-1440.png,No detected route/render failure. Manual and assistive-technology review is not exhaustive.
/starbucks-healthy-food-meals-macros.html,restaurant,US,Automated rendering only; not manually visually inspected,Lead paragraphs read; duplicate comparison introductions removed where repeated below,"Canonical/indexability, title/description, links, heading and reciprocal-equivalent hreflang checks passed","Edge render: 320, 390, 768, 1280, 1440 px; both themes; no detected horizontal page overflow","Journey exercised in Edge/WebKit, both themes, 390/1440; see journeys/checks.json",routes/checks.json; inventory.json; test-results.json; automated render only,40 U.S. finder records still have missing core macros; see data-gaps.json. Not all U.S. data reverified this release.
/subway-healthy-meals-macros.html,restaurant,US,Automated rendering only; not manually visually inspected,Lead paragraphs read; duplicate comparison introductions removed where repeated below,"Canonical/indexability, title/description, links, heading and reciprocal-equivalent hreflang checks passed","Edge render: 320, 390, 768, 1280, 1440 px; both themes; no detected horizontal page overflow","Runtime, assets, IDs and form-label render checks; links/anchors checked, not every action manually exercised",routes/checks.json; inventory.json; test-results.json; automated render only,40 U.S. finder records still have missing core macros; see data-gaps.json. Not all U.S. data reverified this release.
/sugar-lines-do-not-add.html,article,global,Automated rendering only; not manually visually inspected,Automated repetition/terminology scan; necessary disclosures retained. Body not substantively rewritten.,"Canonical/indexability, title/description, links, heading and reciprocal-equivalent hreflang checks passed","Edge render: 320, 390, 768, 1280, 1440 px; both themes; no detected horizontal page overflow","Runtime, assets, IDs and form-label render checks; links/anchors checked, not every action manually exercised",routes/checks.json; inventory.json; test-results.json; automated render only,No detected route/render failure. Manual and assistive-technology review is not exhaustive.
/sweat-rate-calculator.html,calculator,global,Automated rendering only; not manually visually inspected,Automated repetition/terminology scan; necessary disclosures retained. Body not substantively rewritten.,"Canonical/indexability, title/description, links, heading and reciprocal-equivalent hreflang checks passed","Edge render: 320, 390, 768, 1280, 1440 px; both themes; no detected horizontal page overflow","Runtime, assets, IDs and form-label render checks; links/anchors checked, not every action manually exercised",routes/checks.json; inventory.json; test-results.json; automated render only,No detected route/render failure. Manual and assistive-technology review is not exhaustive.
/sweetgreen-healthy-meals-macros.html,restaurant,US,Automated rendering only; not manually visually inspected,Lead paragraphs read; duplicate comparison introductions removed where repeated below,"Canonical/indexability, title/description, links, heading and reciprocal-equivalent hreflang checks passed","Edge render: 320, 390, 768, 1280, 1440 px; both themes; no detected horizontal page overflow","Runtime, assets, IDs and form-label render checks; links/anchors checked, not every action manually exercised",routes/checks.json; inventory.json; test-results.json; automated render only,40 U.S. finder records still have missing core macros; see data-gaps.json. Not all U.S. data reverified this release.
/sweetgreen-vs-panera-chicken-salads.html,article,global,Automated rendering only; not manually visually inspected,Automated repetition/terminology scan; necessary disclosures retained. Body not substantively rewritten.,"Canonical/indexability, title/description, links, heading and reciprocal-equivalent hreflang checks passed","Edge render: 320, 390, 768, 1280, 1440 px; both themes; no detected horizontal page overflow","Runtime, assets, IDs and form-label render checks; links/anchors checked, not every action manually exercised",routes/checks.json; inventory.json; test-results.json; automated render only,No detected route/render failure. Manual and assistive-technology review is not exhaustive.
/taco-bell-healthy-meals-macros.html,restaurant,US,Automated rendering only; not manually visually inspected,Lead paragraphs read; duplicate comparison introductions removed where repeated below,"Canonical/indexability, title/description, links, heading and reciprocal-equivalent hreflang checks passed","Edge render: 320, 390, 768, 1280, 1440 px; both themes; no detected horizontal page overflow","Runtime, assets, IDs and form-label render checks; links/anchors checked, not every action manually exercised",routes/checks.json; inventory.json; test-results.json; automated render only,40 U.S. finder records still have missing core macros; see data-gaps.json. Not all U.S. data reverified this release.
/taco-johns-bowl-base-tradeoff.html,article,global,Automated rendering only; not manually visually inspected,Automated repetition/terminology scan; necessary disclosures retained. Body not substantively rewritten.,"Canonical/indexability, title/description, links, heading and reciprocal-equivalent hreflang checks passed","Edge render: 320, 390, 768, 1280, 1440 px; both themes; no detected horizontal page overflow","Runtime, assets, IDs and form-label render checks; links/anchors checked, not every action manually exercised",routes/checks.json; inventory.json; test-results.json; automated render only,No detected route/render failure. Manual and assistive-technology review is not exhaustive.
/taco-johns-breakfast-taco-vs-burrito.html,article,global,Automated rendering only; not manually visually inspected,Automated repetition/terminology scan; necessary disclosures retained. Body not substantively rewritten.,"Canonical/indexability, title/description, links, heading and reciprocal-equivalent hreflang checks passed","Edge render: 320, 390, 768, 1280, 1440 px; both themes; no detected horizontal page overflow","Runtime, assets, IDs and form-label render checks; links/anchors checked, not every action manually exercised",routes/checks.json; inventory.json; test-results.json; automated render only,No detected route/render failure. Manual and assistive-technology review is not exhaustive.
/taco-johns-nutrition-guide.html,restaurant,US,Automated rendering only; not manually visually inspected,Lead paragraphs read; duplicate comparison introductions removed where repeated below,"Canonical/indexability, title/description, links, heading and reciprocal-equivalent hreflang checks passed","Edge render: 320, 390, 768, 1280, 1440 px; both themes; no detected horizontal page overflow","Runtime, assets, IDs and form-label render checks; links/anchors checked, not every action manually exercised",routes/checks.json; inventory.json; test-results.json; automated render only,40 U.S. finder records still have missing core macros; see data-gaps.json. Not all U.S. data reverified this release.
/taco-johns-small-fiber-bound.html,article,global,Automated rendering only; not manually visually inspected,Automated repetition/terminology scan; necessary disclosures retained. Body not substantively rewritten.,"Canonical/indexability, title/description, links, heading and reciprocal-equivalent hreflang checks passed","Edge render: 320, 390, 768, 1280, 1440 px; both themes; no detected horizontal page overflow","Runtime, assets, IDs and form-label render checks; links/anchors checked, not every action manually exercised",routes/checks.json; inventory.json; test-results.json; automated render only,No detected route/render failure. Manual and assistive-technology review is not exhaustive.
/tare-bowl-before-weighing-food.html,article,global,Automated rendering only; not manually visually inspected,Automated repetition/terminology scan; necessary disclosures retained. Body not substantively rewritten.,"Canonical/indexability, title/description, links, heading and reciprocal-equivalent hreflang checks passed","Edge render: 320, 390, 768, 1280, 1440 px; both themes; no detected horizontal page overflow","Runtime, assets, IDs and form-label render checks; links/anchors checked, not every action manually exercised",routes/checks.json; inventory.json; test-results.json; automated render only,No detected route/render failure. Manual and assistive-technology review is not exhaustive.
/terms.html,legal,global,Automated rendering only; not manually visually inspected,Automated repetition/terminology scan; necessary disclosures retained. Body not substantively rewritten.,"Canonical/indexability, title/description, links, heading and reciprocal-equivalent hreflang checks passed","Edge render: 320, 390, 768, 1280, 1440 px; both themes; no detected horizontal page overflow","Runtime, assets, IDs and form-label render checks; links/anchors checked, not every action manually exercised",routes/checks.json; inventory.json; test-results.json; automated render only,No detected route/render failure. Manual and assistive-technology review is not exhaustive.
/three-count-tacos-not-three-equal-meals.html,article,global,Automated rendering only; not manually visually inspected,Automated repetition/terminology scan; necessary disclosures retained. Body not substantively rewritten.,"Canonical/indexability, title/description, links, heading and reciprocal-equivalent hreflang checks passed","Edge render: 320, 390, 768, 1280, 1440 px; both themes; no detected horizontal page overflow","Runtime, assets, IDs and form-label render checks; links/anchors checked, not every action manually exercised",routes/checks.json; inventory.json; test-results.json; automated render only,No detected route/render failure. Manual and assistive-technology review is not exhaustive.
/two-fiber-sources-one-bowl.html,article,global,Automated rendering only; not manually visually inspected,Automated repetition/terminology scan; necessary disclosures retained. Body not substantively rewritten.,"Canonical/indexability, title/description, links, heading and reciprocal-equivalent hreflang checks passed","Edge render: 320, 390, 768, 1280, 1440 px; both themes; no detected horizontal page overflow","Runtime, assets, IDs and form-label render checks; links/anchors checked, not every action manually exercised",routes/checks.json; inventory.json; test-results.json; automated render only,No detected route/render failure. Manual and assistive-technology review is not exhaustive.
/two-for-one-protein-promotion.html,article,global,Automated rendering only; not manually visually inspected,Automated repetition/terminology scan; necessary disclosures retained. Body not substantively rewritten.,"Canonical/indexability, title/description, links, heading and reciprocal-equivalent hreflang checks passed","Edge render: 320, 390, 768, 1280, 1440 px; both themes; no detected horizontal page overflow","Runtime, assets, IDs and form-label render checks; links/anchors checked, not every action manually exercised",routes/checks.json; inventory.json; test-results.json; automated render only,No detected route/render failure. Manual and assistive-technology review is not exhaustive.
/two-meal-total-not-day-recommendation.html,article,global,Automated rendering only; not manually visually inspected,Automated repetition/terminology scan; necessary disclosures retained. Body not substantively rewritten.,"Canonical/indexability, title/description, links, heading and reciprocal-equivalent hreflang checks passed","Edge render: 320, 390, 768, 1280, 1440 px; both themes; no detected horizontal page overflow","Runtime, assets, IDs and form-label render checks; links/anchors checked, not every action manually exercised",routes/checks.json; inventory.json; test-results.json; automated render only,No detected route/render failure. Manual and assistive-technology review is not exhaustive.
/two-person-restaurant-budget-constraints.html,article,global,Automated rendering only; not manually visually inspected,Automated repetition/terminology scan; necessary disclosures retained. Body not substantively rewritten.,"Canonical/indexability, title/description, links, heading and reciprocal-equivalent hreflang checks passed","Edge render: 320, 390, 768, 1280, 1440 px; both themes; no detected horizontal page overflow","Runtime, assets, IDs and form-label render checks; links/anchors checked, not every action manually exercised",routes/checks.json; inventory.json; test-results.json; automated render only,No detected route/render failure. Manual and assistive-technology review is not exhaustive.
/unequal-recipe-portions.html,article,global,Automated rendering only; not manually visually inspected,Automated repetition/terminology scan; necessary disclosures retained. Body not substantively rewritten.,"Canonical/indexability, title/description, links, heading and reciprocal-equivalent hreflang checks passed","Edge render: 320, 390, 768, 1280, 1440 px; both themes; no detected horizontal page overflow","Runtime, assets, IDs and form-label render checks; links/anchors checked, not every action manually exercised",routes/checks.json; inventory.json; test-results.json; automated render only,No detected route/render failure. Manual and assistive-technology review is not exhaustive.
/use-calorie-target-meal-finder.html,article,global,Automated rendering only; not manually visually inspected,Automated repetition/terminology scan; necessary disclosures retained. Body not substantively rewritten.,"Canonical/indexability, title/description, links, heading and reciprocal-equivalent hreflang checks passed","Edge render: 320, 390, 768, 1280, 1440 px; both themes; no detected horizontal page overflow","Runtime, assets, IDs and form-label render checks; links/anchors checked, not every action manually exercised",routes/checks.json; inventory.json; test-results.json; automated render only,No detected route/render failure. Manual and assistive-technology review is not exhaustive.
/vegetarian-fast-food-protein-comparison.html,article,global,Automated rendering only; not manually visually inspected,Automated repetition/terminology scan; necessary disclosures retained. Body not substantively rewritten.,"Canonical/indexability, title/description, links, heading and reciprocal-equivalent hreflang checks passed","Edge render: 320, 390, 768, 1280, 1440 px; both themes; no detected horizontal page overflow","Runtime, assets, IDs and form-label render checks; links/anchors checked, not every action manually exercised",routes/checks.json; inventory.json; test-results.json; automated render only,No detected route/render failure. Manual and assistive-technology review is not exhaustive.
/vegetarian-label-not-allergen-safety.html,article,global,Automated rendering only; not manually visually inspected,Automated repetition/terminology scan; necessary disclosures retained. Body not substantively rewritten.,"Canonical/indexability, title/description, links, heading and reciprocal-equivalent hreflang checks passed","Edge render: 320, 390, 768, 1280, 1440 px; both themes; no detected horizontal page overflow","Runtime, assets, IDs and form-label render checks; links/anchors checked, not every action manually exercised",routes/checks.json; inventory.json; test-results.json; automated render only,No detected route/render failure. Manual and assistive-technology review is not exhaustive.
/weigh-food-by-container-difference.html,article,global,Automated rendering only; not manually visually inspected,Automated repetition/terminology scan; necessary disclosures retained. Body not substantively rewritten.,"Canonical/indexability, title/description, links, heading and reciprocal-equivalent hreflang checks passed","Edge render: 320, 390, 768, 1280, 1440 px; both themes; no detected horizontal page overflow","Runtime, assets, IDs and form-label render checks; links/anchors checked, not every action manually exercised",routes/checks.json; inventory.json; test-results.json; automated render only,No detected route/render failure. Manual and assistive-technology review is not exhaustive.
/weight-goal-timeline-calculator.html,calculator,global,Automated rendering only; not manually visually inspected,Automated repetition/terminology scan; necessary disclosures retained. Body not substantively rewritten.,"Canonical/indexability, title/description, links, heading and reciprocal-equivalent hreflang checks passed","Edge render: 320, 390, 768, 1280, 1440 px; both themes; no detected horizontal page overflow","Runtime, assets, IDs and form-label render checks; links/anchors checked, not every action manually exercised",routes/checks.json; inventory.json; test-results.json; automated render only,No detected route/render failure. Manual and assistive-technology review is not exhaustive.
/wendys-healthy-meals-macros.html,restaurant,US,Automated rendering only; not manually visually inspected,Lead paragraphs read; duplicate comparison introductions removed where repeated below,"Canonical/indexability, title/description, links, heading and reciprocal-equivalent hreflang checks passed","Edge render: 320, 390, 768, 1280, 1440 px; both themes; no detected horizontal page overflow","Runtime, assets, IDs and form-label render checks; links/anchors checked, not every action manually exercised",routes/checks.json; inventory.json; test-results.json; automated render only,40 U.S. finder records still have missing core macros; see data-gaps.json. Not all U.S. data reverified this release.
/what-are-macros.html,article,global,Automated rendering only; not manually visually inspected,Automated repetition/terminology scan; necessary disclosures retained. Body not substantively rewritten.,"Canonical/indexability, title/description, links, heading and reciprocal-equivalent hreflang checks passed","Edge render: 320, 390, 768, 1280, 1440 px; both themes; no detected horizontal page overflow","Runtime, assets, IDs and form-label render checks; links/anchors checked, not every action manually exercised",routes/checks.json; inventory.json; test-results.json; automated render only,No detected route/render failure. Manual and assistive-technology review is not exhaustive.
/what-is-a-calorie-deficit.html,article,global,Automated rendering only; not manually visually inspected,Automated repetition/terminology scan; necessary disclosures retained. Body not substantively rewritten.,"Canonical/indexability, title/description, links, heading and reciprocal-equivalent hreflang checks passed","Edge render: 320, 390, 768, 1280, 1440 px; both themes; no detected horizontal page overflow","Runtime, assets, IDs and form-label render checks; links/anchors checked, not every action manually exercised",routes/checks.json; inventory.json; test-results.json; automated render only,No detected route/render failure. Manual and assistive-technology review is not exhaustive.
/what-to-eat-after-a-workout.html,article,global,Automated rendering only; not manually visually inspected,Automated repetition/terminology scan; necessary disclosures retained. Body not substantively rewritten.,"Canonical/indexability, title/description, links, heading and reciprocal-equivalent hreflang checks passed","Edge render: 320, 390, 768, 1280, 1440 px; both themes; no detected horizontal page overflow","Runtime, assets, IDs and form-label render checks; links/anchors checked, not every action manually exercised",routes/checks.json; inventory.json; test-results.json; automated render only,No detected route/render failure. Manual and assistive-technology review is not exhaustive.
/what-to-eat-before-a-workout.html,article,global,Automated rendering only; not manually visually inspected,Automated repetition/terminology scan; necessary disclosures retained. Body not substantively rewritten.,"Canonical/indexability, title/description, links, heading and reciprocal-equivalent hreflang checks passed","Edge render: 320, 390, 768, 1280, 1440 px; both themes; no detected horizontal page overflow","Runtime, assets, IDs and form-label render checks; links/anchors checked, not every action manually exercised",routes/checks.json; inventory.json; test-results.json; automated render only,No detected route/render failure. Manual and assistive-technology review is not exhaustive.
/when-to-recalculate-calories-and-macros.html,article,global,Automated rendering only; not manually visually inspected,Automated repetition/terminology scan; necessary disclosures retained. Body not substantively rewritten.,"Canonical/indexability, title/description, links, heading and reciprocal-equivalent hreflang checks passed","Edge render: 320, 390, 768, 1280, 1440 px; both themes; no detected horizontal page overflow","Runtime, assets, IDs and form-label render checks; links/anchors checked, not every action manually exercised",routes/checks.json; inventory.json; test-results.json; automated render only,No detected route/render failure. Manual and assistive-technology review is not exhaustive.
/why-did-i-gain-weight-overnight.html,article,global,Automated rendering only; not manually visually inspected,Automated repetition/terminology scan; necessary disclosures retained. Body not substantively rewritten.,"Canonical/indexability, title/description, links, heading and reciprocal-equivalent hreflang checks passed","Edge render: 320, 390, 768, 1280, 1440 px; both themes; no detected horizontal page overflow","Runtime, assets, IDs and form-label render checks; links/anchors checked, not every action manually exercised",routes/checks.json; inventory.json; test-results.json; automated render only,No detected route/render failure. Manual and assistive-technology review is not exhaustive.
/ca/en/,home,CA,Manual screenshot review of stated files: browser/-ca-en--light-390.png; browser/-ca-en--dark-1440.png,New individually reviewed Canadian copy and official source/portion trail,"Canonical/indexability, title/description, links, heading and reciprocal-equivalent hreflang checks passed","Edge render: 320, 390, 768, 1280, 1440 px; both themes; no detected horizontal page overflow","Journey exercised in Edge/WebKit, both themes, 390/1440; see journeys/checks.json",routes/checks.json; inventory.json; test-results.json; browser/-ca-en--light-390.png; browser/-ca-en--dark-1440.png,"Tracked selection, not a full-menu or local-availability audit. McDonald’s Canada withheld; English only."
/ca/en/restaurants/,restaurant-index,CA,Automated rendering only; not manually visually inspected,New individually reviewed Canadian copy and official source/portion trail,"Canonical/indexability, title/description, links, heading and reciprocal-equivalent hreflang checks passed","Edge render: 320, 390, 768, 1280, 1440 px; both themes; no detected horizontal page overflow","Runtime, assets, IDs and form-label render checks; links/anchors checked, not every action manually exercised",routes/checks.json; inventory.json; test-results.json; automated render only,"Tracked selection, not a full-menu or local-availability audit. McDonald’s Canada withheld; English only."
/ca/en/restaurants/a-w-canada/,restaurant,CA,Automated rendering only; not manually visually inspected,New individually reviewed Canadian copy and official source/portion trail,"Canonical/indexability, title/description, links, heading and reciprocal-equivalent hreflang checks passed","Edge render: 320, 390, 768, 1280, 1440 px; both themes; no detected horizontal page overflow","Runtime, assets, IDs and form-label render checks; links/anchors checked, not every action manually exercised",routes/checks.json; inventory.json; test-results.json; automated render only,"Tracked selection, not a full-menu or local-availability audit. McDonald’s Canada withheld; English only."
/ca/en/restaurants/harvey-s/,restaurant,CA,Automated rendering only; not manually visually inspected,New individually reviewed Canadian copy and official source/portion trail,"Canonical/indexability, title/description, links, heading and reciprocal-equivalent hreflang checks passed","Edge render: 320, 390, 768, 1280, 1440 px; both themes; no detected horizontal page overflow","Runtime, assets, IDs and form-label render checks; links/anchors checked, not every action manually exercised",routes/checks.json; inventory.json; test-results.json; automated render only,"Tracked selection, not a full-menu or local-availability audit. McDonald’s Canada withheld; English only."
/ca/en/restaurants/tim-hortons/,restaurant,CA,Manual screenshot review of stated files: browser/-ca-en-restaurants-tim-hortons--dark-1440.png,New individually reviewed Canadian copy and official source/portion trail,"Canonical/indexability, title/description, links, heading and reciprocal-equivalent hreflang checks passed","Edge render: 320, 390, 768, 1280, 1440 px; both themes; no detected horizontal page overflow","Journey exercised in Edge/WebKit, both themes, 390/1440; see journeys/checks.json",routes/checks.json; inventory.json; test-results.json; browser/-ca-en-restaurants-tim-hortons--dark-1440.png,"Tracked selection, not a full-menu or local-availability audit. McDonald’s Canada withheld; English only."
/ca/en/find-a-meal/,finder,CA,Manual screenshot review of stated files: browser/-ca-en-find-a-meal--light-390.png; journeys/open-country-picker-chromium-dark-390.png; journeys/canadian-quiz-webkit-light-390.png,New individually reviewed Canadian copy and official source/portion trail,"Canonical/indexability, title/description, links, heading and reciprocal-equivalent hreflang checks passed","Edge render: 320, 390, 768, 1280, 1440 px; both themes; no detected horizontal page overflow","Journey exercised in Edge/WebKit, both themes, 390/1440; see journeys/checks.json",routes/checks.json; inventory.json; test-results.json; browser/-ca-en-find-a-meal--light-390.png; journeys/open-country-picker-chromium-dark-390.png; journeys/canadian-quiz-webkit-light-390.png,"Tracked selection, not a full-menu or local-availability audit. McDonald’s Canada withheld; English only."
/ca/en/collections/breakfast/,collection,CA,Automated rendering only; not manually visually inspected,New individually reviewed Canadian copy and official source/portion trail,"Canonical/indexability, title/description, links, heading and reciprocal-equivalent hreflang checks passed","Edge render: 320, 390, 768, 1280, 1440 px; both themes; no detected horizontal page overflow","Runtime, assets, IDs and form-label render checks; links/anchors checked, not every action manually exercised",routes/checks.json; inventory.json; test-results.json; automated render only,"Tracked selection, not a full-menu or local-availability audit. McDonald’s Canada withheld; English only."
/ca/en/collections/protein-meals/,collection,CA,Automated rendering only; not manually visually inspected,New individually reviewed Canadian copy and official source/portion trail,"Canonical/indexability, title/description, links, heading and reciprocal-equivalent hreflang checks passed","Edge render: 320, 390, 768, 1280, 1440 px; both themes; no detected horizontal page overflow","Runtime, assets, IDs and form-label render checks; links/anchors checked, not every action manually exercised",routes/checks.json; inventory.json; test-results.json; automated render only,"Tracked selection, not a full-menu or local-availability audit. McDonald’s Canada withheld; English only."
/ca/en/tools/complete-order/,tool,CA,Manual screenshot review of stated files: journeys/canadian-complete-order-chromium-dark-390.png,New individually reviewed Canadian copy and official source/portion trail,"Canonical/indexability, title/description, links, heading and reciprocal-equivalent hreflang checks passed","Edge render: 320, 390, 768, 1280, 1440 px; both themes; no detected horizontal page overflow","Journey exercised in Edge/WebKit, both themes, 390/1440; see journeys/checks.json",routes/checks.json; inventory.json; test-results.json; journeys/canadian-complete-order-chromium-dark-390.png,"Tracked selection, not a full-menu or local-availability audit. McDonald’s Canada withheld; English only."
/ca/en/tools/drink-comparison/,tool,CA,Automated rendering only; not manually visually inspected,New individually reviewed Canadian copy and official source/portion trail,"Canonical/indexability, title/description, links, heading and reciprocal-equivalent hreflang checks passed","Edge render: 320, 390, 768, 1280, 1440 px; both themes; no detected horizontal page overflow","Journey exercised in Edge/WebKit, both themes, 390/1440; see journeys/checks.json",routes/checks.json; inventory.json; test-results.json; automated render only,"Tracked selection, not a full-menu or local-availability audit. McDonald’s Canada withheld; English only."
/ca/en/menu-sources/,methodology,CA,Automated rendering only; not manually visually inspected,New individually reviewed Canadian copy and official source/portion trail,"Canonical/indexability, title/description, links, heading and reciprocal-equivalent hreflang checks passed","Edge render: 320, 390, 768, 1280, 1440 px; both themes; no detected horizontal page overflow","Runtime, assets, IDs and form-label render checks; links/anchors checked, not every action manually exercised",routes/checks.json; inventory.json; test-results.json; automated render only,"Tracked selection, not a full-menu or local-availability audit. McDonald’s Canada withheld; English only."
/index.html,home,US,Manual screenshot review of stated files: browser/-index-html-dark-390.png,Task copy or methodology corrected,"Canonical/indexability, title/description, links, heading and reciprocal-equivalent hreflang checks passed","Edge render: 320, 390, 768, 1280, 1440 px; both themes; no detected horizontal page overflow","Journey exercised in Edge/WebKit, both themes, 390/1440; see journeys/checks.json",routes/checks.json; inventory.json; test-results.json; browser/-index-html-dark-390.png,No detected route/render failure. Manual and assistive-technology review is not exhaustive.
